year_value,site_id,depth_to_gw_ft,depth_to_gw_m,latitude,longitude,data_source,region,pct_cultivated
2000,KSGS.371852100505801,239.39,72.966072,37.31502,-100.8505,USGS,Southern Kansas,
2000,KSGS.372043101363101,227.26,69.268848,37.34495,-101.6104,USGS,Southern Kansas,
2000,KSGS.372539100142504,65.97,20.107656,37.42949,-100.2434,USGS,Southern Kansas,
2000,KSGS.373331098033301,20.15,6.14172,37.56096,-98.058,USGS,Southern Kansas,
2000,KSGS.373607100565301,380.865,116.087652,37.59874,-100.9497,USGS,Southern Kansas,
2000,KSGS.374111099070401,32.2,9.81456,37.68448,-99.1192,USGS,Southern Kansas,
2000,KSGS.374125100344101,152.38,46.445424,37.69024,-100.5795,USGS,Southern Kansas,
2000,KSGS.374747100552101,158.37,48.271176,37.79492,-100.9225,USGS,Southern Kansas,
2000,KSGS.375145100485701,126.71,38.621208,37.86209,-100.8179,USGS,Southern Kansas,
2000,KSGS.375454101075401,123.72,37.709856,37.91572,-101.1306,USGS,Southern Kansas,
2000,TWDB.0753701,247.89,75.556872,35.16,-102.4886,USGS,Western Texas,
2000,TWDB.1005225,274.57,83.688936,34.97,-102.4381,USGS,Western Texas,
2000,TWDB.1038101,268.55,81.85404,34.46,-102.3522,USGS,Western Texas,
2000,TWDB.1039702,239.93,73.130664,34.38,-102.2336,USGS,Western Texas,
2000,TWDB.1157901,220.07,67.077336,34.03,-101.9056,USGS,Western Texas,
2000,TWDB.2409103,165.34,50.395632,33.8575,-102.9786,USGS,Western Texas,
2000,TWDB.2409801,123.52,37.648896,33.76,-102.9564,USGS,Western Texas,
2000,TWDB.2423701,110.77,33.762696,33.65222,-102.2278,USGS,Western Texas,
2000,TWDB.2453902,143.7,43.79976,33.13833,-102.3808,USGS,Western Texas,
2000,UNLCSD.423037099353801,26.48,8.071104,42.51028,-99.5943,USGS,Central Nebraska,
2000,USGS.335258091152301,28.27,8.616696,33.88238,-91.2582,USGS,Eastern Arkansas,
2000,USGS.340440091231201,43.38,13.222224,34.07647,-91.3878,USGS,Eastern Arkansas,
2000,USGS.342649091251916,98.89,30.141672,34.46473,-91.4209,USGS,Eastern Arkansas,
2000,USGS.345519091505401,85.3,25.99944,34.92182,-91.8482,USGS,Eastern Arkansas,
2000,USGS.350029090265801,20.88,6.364224,35.0071,-90.4491,USGS,Eastern Arkansas,
2000,USGS.373644113411501,197.39,60.164472,37.6122,-113.6883,USGS,Western Utah,
2000,USGS.381901113014102,62.53,19.059144,38.31691,-113.0288,USGS,Western Utah,
2000,USGS.383921112175901,78.21,23.838408,38.65806,-112.1672,USGS,Western Utah,
2000,USGS.390819111530701,21.53,6.562344,39.13857,-111.886,USGS,Western Utah,
2000,USGS.392601112412201,12.47,3.800856,39.43356,-112.6902,USGS,Western Utah,
2000,USGS.400932101404101,66.285,20.203668,40.15888,-101.6785,USGS,Central Nebraska,
2000,USGS.402103099402900,103.255,31.472124,40.35123,-99.674,USGS,Central Nebraska,
2000,USGS.402408099584800,94.48,28.797504,40.402,-99.9818,USGS,Central Nebraska,
2000,USGS.403235101395501,96.21916667,29.327602,40.54472,-101.6668,USGS,Central Nebraska,
2000,USGS.403949098182201,109.15,33.26892,40.66362,-98.3064,USGS,Central Nebraska,
2000,USGS.412603099492001,198.815,60.598812,41.43417,-99.8226,USGS,Central Nebraska,
2000,USGS.415754112551301,195.87,59.701176,41.96492,-112.9211,USGS,Southern Idaho,
2000,USGS.433218112191601,581.682,177.2966736,43.53824,-112.3219,USGS,Southern Idaho,
2000,USGS.434102112180701,412.02,125.583696,43.68389,-112.3028,USGS,Southern Idaho,
2000,USGS.434657112282201,260.81,79.494888,43.78211,-112.4735,USGS,Southern Idaho,
2000,USSCS.352158090232301,31.06,9.467088,35.36662,-90.3907,USGS,Eastern Arkansas,
2000,USSCS.355018090512401,68.15,20.77212,35.83535,-90.8582,USGS,Eastern Arkansas,
2001,KSGS.371852100505801,241.96,73.749408,37.31502,-100.8505,USGS,Southern Kansas,
2001,KSGS.372043101363101,228.25,69.5706,37.34495,-101.6104,USGS,Southern Kansas,
2001,KSGS.372539100142504,68.68,20.933664,37.42949,-100.2434,USGS,Southern Kansas,
2001,KSGS.373331098033301,18.86,5.748528,37.56096,-98.058,USGS,Southern Kansas,
2001,KSGS.373607100565301,382.68,116.640864,37.59874,-100.9497,USGS,Southern Kansas,
2001,KSGS.374111099070401,32.14,9.796272,37.68448,-99.1192,USGS,Southern Kansas,
2001,KSGS.374125100344101,157.46,47.993808,37.69024,-100.5795,USGS,Southern Kansas,
2001,KSGS.374747100552101,163.64,49.877472,37.79492,-100.9225,USGS,Southern Kansas,
2001,KSGS.375145100485701,129.05,39.33444,37.86209,-100.8179,USGS,Southern Kansas,
2001,KSGS.375454101075401,129.2,39.38016,37.91572,-101.1306,USGS,Southern Kansas,
2001,TWDB.0753701,248.03,75.599544,35.16,-102.4886,USGS,Western Texas,
2001,TWDB.1005225,275.16,83.868768,34.97,-102.4381,USGS,Western Texas,
2001,TWDB.1038101,273.98,83.509104,34.46,-102.3522,USGS,Western Texas,
2001,TWDB.1039702,246.93,75.264264,34.38,-102.2336,USGS,Western Texas,
2001,TWDB.1157901,224.47,68.418456,34.03,-101.9056,USGS,Western Texas,
2001,TWDB.2409103,169.07,51.532536,33.8575,-102.9786,USGS,Western Texas,
2001,TWDB.2409801,120.21,36.640008,33.76,-102.9564,USGS,Western Texas,
2001,TWDB.2423701,112.48,34.283904,33.65222,-102.2278,USGS,Western Texas,
2001,TWDB.2453902,145.57,44.369736,33.13833,-102.3808,USGS,Western Texas,
2001,UNLCSD.423037099353801,30.99,9.445752,42.51028,-99.5943,USGS,Central Nebraska,
2001,USGS.335258091152301,29.965,9.133332,33.88238,-91.2582,USGS,Eastern Arkansas,
2001,USGS.340440091231201,45.3,13.80744,34.07647,-91.3878,USGS,Eastern Arkansas,
2001,USGS.342649091251916,99.3375,30.27807,34.46473,-91.4209,USGS,Eastern Arkansas,
2001,USGS.345519091505401,86.0525,26.228802,34.92182,-91.8482,USGS,Eastern Arkansas,
2001,USGS.350029090265801,28.9,8.80872,35.0071,-90.4491,USGS,Eastern Arkansas,
2001,USGS.373644113411501,204.0,62.1792,37.6122,-113.6883,USGS,Western Utah,
2001,USGS.381901113014102,66.41,20.241768,38.31691,-113.0288,USGS,Western Utah,
2001,USGS.383921112175901,80.92,24.664416,38.65806,-112.1672,USGS,Western Utah,
2001,USGS.390819111530701,22.86,6.967728,39.13857,-111.886,USGS,Western Utah,
2001,USGS.392601112412201,14.04,4.279392,39.43356,-112.6902,USGS,Western Utah,
2001,USGS.400932101404101,68.915,21.005292,40.15888,-101.6785,USGS,Central Nebraska,
2001,USGS.402103099402900,104.985,31.999428,40.35123,-99.674,USGS,Central Nebraska,
2001,USGS.402408099584800,93.975,28.64358,40.402,-99.9818,USGS,Central Nebraska,
2001,USGS.403235101395501,98.28583333,29.957522,40.54472,-101.6668,USGS,Central Nebraska,
2001,USGS.403949098182201,107.32,32.711136,40.66362,-98.3064,USGS,Central Nebraska,
2001,USGS.412603099492001,200.45,61.09716,41.43417,-99.8226,USGS,Central Nebraska,
2001,USGS.415754112551301,201.76,61.496448,41.96492,-112.9211,USGS,Southern Idaho,
2001,USGS.433218112191601,582.6075,177.578766,43.53824,-112.3219,USGS,Southern Idaho,
2001,USGS.434102112180701,412.8657143,125.8414697,43.68389,-112.3028,USGS,Southern Idaho,
2001,USGS.434657112282201,262.2325,79.928466,43.78211,-112.4735,USGS,Southern Idaho,
2001,USSCS.352158090232301,32.0,9.7536,35.36662,-90.3907,USGS,Eastern Arkansas,
2001,USSCS.355018090512401,69.6,21.21408,35.83535,-90.8582,USGS,Eastern Arkansas,
2002,KSGS.371852100505801,242.78,73.999344,37.31502,-100.8505,USGS,Southern Kansas,
2002,KSGS.372043101363101,230.64,70.299072,37.34495,-101.6104,USGS,Southern Kansas,
2002,KSGS.372539100142504,74.66,22.756368,37.42949,-100.2434,USGS,Southern Kansas,
2002,KSGS.373331098033301,19.22,5.858256,37.56096,-98.058,USGS,Southern Kansas,
2002,KSGS.373607100565301,385.21,117.412008,37.59874,-100.9497,USGS,Southern Kansas,
2002,KSGS.374111099070401,33.53,10.219944,37.68448,-99.1192,USGS,Southern Kansas,
2002,KSGS.374125100344101,161.79,49.313592,37.69024,-100.5795,USGS,Southern Kansas,
2002,KSGS.374747100552101,168.24,51.279552,37.79492,-100.9225,USGS,Southern Kansas,
2002,KSGS.375145100485701,131.62,40.117776,37.86209,-100.8179,USGS,Southern Kansas,
2002,KSGS.375454101075401,133.16,40.587168,37.91572,-101.1306,USGS,Southern Kansas,
2002,TWDB.0753701,247.24,75.358752,35.16,-102.4886,USGS,Western Texas,
2002,TWDB.1005225,275.39,83.938872,34.97,-102.4381,USGS,Western Texas,
2002,TWDB.1038101,276.25,84.201,34.46,-102.3522,USGS,Western Texas,
2002,TWDB.1039702,249.2,75.95616,34.38,-102.2336,USGS,Western Texas,
2002,TWDB.1157901,226.27,68.967096,34.03,-101.9056,USGS,Western Texas,
2002,TWDB.2409103,169.23,51.581304,33.8575,-102.9786,USGS,Western Texas,
2002,TWDB.2409801,120.44,36.710112,33.76,-102.9564,USGS,Western Texas,
2002,TWDB.2423701,111.29,33.921192,33.65222,-102.2278,USGS,Western Texas,
2002,TWDB.2453902,147.15,44.85132,33.13833,-102.3808,USGS,Western Texas,
2002,UNLCSD.423037099353801,29.32,8.936736,42.51028,-99.5943,USGS,Central Nebraska,
2002,USGS.335258091152301,30.33,9.244584,33.88238,-91.2582,USGS,Eastern Arkansas,
2002,USGS.340440091231201,43.37,13.219176,34.07647,-91.3878,USGS,Eastern Arkansas,
2002,USGS.342649091251916,99.1,30.20568,34.46473,-91.4209,USGS,Eastern Arkansas,
2002,USGS.345519091505401,88.51,26.977848,34.92182,-91.8482,USGS,Eastern Arkansas,
2002,USGS.350029090265801,29.175,8.89254,35.0071,-90.4491,USGS,Eastern Arkansas,
2002,USGS.373644113411501,209.41,63.828168,37.6122,-113.6883,USGS,Western Utah,
2002,USGS.381901113014102,69.94,21.317712,38.31691,-113.0288,USGS,Western Utah,
2002,USGS.383921112175901,81.32,24.786336,38.65806,-112.1672,USGS,Western Utah,
2002,USGS.390819111530701,23.29,7.098792,39.13857,-111.886,USGS,Western Utah,
2002,USGS.392601112412201,17.49,5.330952,39.43356,-112.6902,USGS,Western Utah,
2002,USGS.400932101404101,80.88,24.652224,40.15888,-101.6785,USGS,Central Nebraska,
2002,USGS.402103099402900,105.615,32.191452,40.35123,-99.674,USGS,Central Nebraska,
2002,USGS.402408099584800,95.94,29.242512,40.402,-99.9818,USGS,Central Nebraska,
2002,USGS.403235101395501,100.3458333,30.58540999,40.54472,-101.6668,USGS,Central Nebraska,
2002,USGS.403949098182201,107.72,32.833056,40.66362,-98.3064,USGS,Central Nebraska,
2002,USGS.412603099492001,201.185,61.321188,41.43417,-99.8226,USGS,Central Nebraska,
2002,USGS.415754112551301,194.08,59.155584,41.96492,-112.9211,USGS,Southern Idaho,
2002,USGS.433218112191601,586.7775,178.849782,43.53824,-112.3219,USGS,Southern Idaho,
2002,USGS.434102112180701,417.9014286,127.3763554,43.68389,-112.3028,USGS,Southern Idaho,
2002,USGS.434657112282201,265.345,80.877156,43.78211,-112.4735,USGS,Southern Idaho,
2002,USSCS.352158090232301,33.44,10.192512,35.36662,-90.3907,USGS,Eastern Arkansas,
2002,USSCS.355018090512401,70.6,21.51888,35.83535,-90.8582,USGS,Eastern Arkansas,
2003,KSGS.371852100505801,246.71,75.197208,37.31502,-100.8505,USGS,Southern Kansas,
2003,KSGS.372043101363101,229.63,69.991224,37.34495,-101.6104,USGS,Southern Kansas,
2003,KSGS.372539100142504,77.68,23.676864,37.42949,-100.2434,USGS,Southern Kansas,
2003,KSGS.373331098033301,19.44,5.925312,37.56096,-98.058,USGS,Southern Kansas,
2003,KSGS.373607100565301,389.05,118.58244,37.59874,-100.9497,USGS,Southern Kansas,
2003,KSGS.374111099070401,35.78,10.905744,37.68448,-99.1192,USGS,Southern Kansas,
2003,KSGS.374125100344101,168.98,51.505104,37.69024,-100.5795,USGS,Southern Kansas,
2003,KSGS.374747100552101,176.19,53.702712,37.79492,-100.9225,USGS,Southern Kansas,
2003,KSGS.375145100485701,135.64,41.343072,37.86209,-100.8179,USGS,Southern Kansas,
2003,KSGS.375454101075401,139.622,42.5567856,37.91572,-101.1306,USGS,Southern Kansas,
2003,TWDB.0753701,247.94,75.572112,35.16,-102.4886,USGS,Western Texas,
2003,TWDB.1005225,276.41,84.249768,34.97,-102.4381,USGS,Western Texas,
2003,TWDB.1038101,282.29,86.041992,34.46,-102.3522,USGS,Western Texas,
2003,TWDB.1039702,255.1,77.75448,34.38,-102.2336,USGS,Western Texas,
2003,TWDB.1157901,235.75,71.8566,34.03,-101.9056,USGS,Western Texas,
2003,TWDB.2409103,169.6,51.69408,33.8575,-102.9786,USGS,Western Texas,
2003,TWDB.2409801,120.85,36.83508,33.76,-102.9564,USGS,Western Texas,
2003,TWDB.2423701,111.72,34.052256,33.65222,-102.2278,USGS,Western Texas,
2003,TWDB.2453902,148.27,45.192696,33.13833,-102.3808,USGS,Western Texas,
2003,UNLCSD.423037099353801,33.985,10.358628,42.51028,-99.5943,USGS,Central Nebraska,
2003,USGS.335258091152301,31.01,9.451848,33.88238,-91.2582,USGS,Eastern Arkansas,
2003,USGS.340440091231201,50.18,15.294864,34.07647,-91.3878,USGS,Eastern Arkansas,
2003,USGS.342649091251916,99.95,30.46476,34.46473,-91.4209,USGS,Eastern Arkansas,
2003,USGS.345519091505401,90.37,27.544776,34.92182,-91.8482,USGS,Eastern Arkansas,
2003,USGS.350029090265801,26.9,8.19912,35.0071,-90.4491,USGS,Eastern Arkansas,
2003,USGS.373644113411501,216.38,65.952624,37.6122,-113.6883,USGS,Western Utah,
2003,USGS.381901113014102,74.86,22.817328,38.31691,-113.0288,USGS,Western Utah,
2003,USGS.383921112175901,83.69,25.508712,38.65806,-112.1672,USGS,Western Utah,
2003,USGS.390819111530701,24.8,7.55904,39.13857,-111.886,USGS,Western Utah,
2003,USGS.392601112412201,22.65,6.90372,39.43356,-112.6902,USGS,Western Utah,
2003,USGS.400932101404101,84.02,25.609296,40.15888,-101.6785,USGS,Central Nebraska,
2003,USGS.402103099402900,108.295,33.008316,40.35123,-99.674,USGS,Central Nebraska,
2003,USGS.402408099584800,99.715,30.393132,40.402,-99.9818,USGS,Central Nebraska,
2003,USGS.403235101395501,103.1092308,31.42769355,40.54472,-101.6668,USGS,Central Nebraska,
2003,USGS.403949098182201,110.39,33.646872,40.66362,-98.3064,USGS,Central Nebraska,
2003,USGS.412603099492001,203.41,61.999368,41.43417,-99.8226,USGS,Central Nebraska,
2003,USGS.415754112551301,194.86,59.393328,41.96492,-112.9211,USGS,Southern Idaho,
2003,USGS.433218112191601,590.0025,179.832762,43.53824,-112.3219,USGS,Southern Idaho,
2003,USGS.434102112180701,421.4628571,128.4618788,43.68389,-112.3028,USGS,Southern Idaho,
2003,USGS.434657112282201,269.5475,82.158078,43.78211,-112.4735,USGS,Southern Idaho,
2003,USSCS.352158090232301,32.33333333,9.855199999,35.36662,-90.3907,USGS,Eastern Arkansas,
2003,USSCS.355018090512401,72.55,22.11324,35.83535,-90.8582,USGS,Eastern Arkansas,
2004,KSGS.371852100505801,247.71,75.502008,37.31502,-100.8505,USGS,Southern Kansas,
2004,KSGS.372043101363101,231.16,70.457568,37.34495,-101.6104,USGS,Southern Kansas,
2004,KSGS.372539100142504,79.49,24.228552,37.42949,-100.2434,USGS,Southern Kansas,
2004,KSGS.373331098033301,19.24,5.864352,37.56096,-98.058,USGS,Southern Kansas,
2004,KSGS.373607100565301,390.1,118.90248,37.59874,-100.9497,USGS,Southern Kansas,
2004,KSGS.374111099070401,37.57,11.451336,37.68448,-99.1192,USGS,Southern Kansas,
2004,KSGS.374125100344101,174.76,53.266848,37.69024,-100.5795,USGS,Southern Kansas,
2004,KSGS.374747100552101,182.89,55.744872,37.79492,-100.9225,USGS,Southern Kansas,
2004,KSGS.375145100485701,139.16,42.415968,37.86209,-100.8179,USGS,Southern Kansas,
2004,KSGS.375454101075401,147.6633333,45.00778399,37.91572,-101.1306,USGS,Southern Kansas,
2004,TWDB.0753701,247.58,75.462384,35.16,-102.4886,USGS,Western Texas,
2004,TWDB.1005225,280.5,85.4964,34.97,-102.4381,USGS,Western Texas,
2004,TWDB.1038101,286.08,87.197184,34.46,-102.3522,USGS,Western Texas,
2004,TWDB.1039702,263.21,80.226408,34.38,-102.2336,USGS,Western Texas,
2004,TWDB.1157901,237.41,72.362568,34.03,-101.9056,USGS,Western Texas,
2004,TWDB.2409103,170.6,51.99888,33.8575,-102.9786,USGS,Western Texas,
2004,TWDB.2409801,121.17,36.932616,33.76,-102.9564,USGS,Western Texas,
2004,TWDB.2423701,112.65,34.33572,33.65222,-102.2278,USGS,Western Texas,
2004,TWDB.2453902,149.78,45.652944,33.13833,-102.3808,USGS,Western Texas,
2004,UNLCSD.423037099353801,35.19,10.725912,42.51028,-99.5943,USGS,Central Nebraska,
2004,USGS.335258091152301,30.45666667,9.283192001,33.88238,-91.2582,USGS,Eastern Arkansas,
2004,USGS.340440091231201,43.08,13.130784,34.07647,-91.3878,USGS,Eastern Arkansas,
2004,USGS.342649091251916,100.08,30.504384,34.46473,-91.4209,USGS,Eastern Arkansas,
2004,USGS.345519091505401,91.4725,27.880818,34.92182,-91.8482,USGS,Eastern Arkansas,
2004,USGS.350029090265801,28.38,8.650224,35.0071,-90.4491,USGS,Eastern Arkansas,
2004,USGS.373644113411501,221.9,67.63512,37.6122,-113.6883,USGS,Western Utah,
2004,USGS.381901113014102,77.25,23.5458,38.31691,-113.0288,USGS,Western Utah,
2004,USGS.383921112175901,84.07,25.624536,38.65806,-112.1672,USGS,Western Utah,
2004,USGS.390819111530701,25.18,7.674864,39.13857,-111.886,USGS,Western Utah,
2004,USGS.392601112412201,24.04,7.327392,39.43356,-112.6902,USGS,Western Utah,
2004,USGS.400932101404101,86.67,26.417016,40.15888,-101.6785,USGS,Central Nebraska,
2004,USGS.402103099402900,110.31,33.622488,40.35123,-99.674,USGS,Central Nebraska,
2004,USGS.402408099584800,102.345,31.194756,40.402,-99.9818,USGS,Central Nebraska,
2004,USGS.403235101395501,104.4171429,31.82634516,40.54472,-101.6668,USGS,Central Nebraska,
2004,USGS.403949098182201,112.55,34.30524,40.66362,-98.3064,USGS,Central Nebraska,
2004,USGS.412603099492001,205.74,62.709552,41.43417,-99.8226,USGS,Central Nebraska,
2004,USGS.415754112551301,189.12,57.643776,41.96492,-112.9211,USGS,Southern Idaho,
2004,USGS.433218112191601,592.18,180.496464,43.53824,-112.3219,USGS,Southern Idaho,
2004,USGS.434102112180701,424.67,129.439416,43.68389,-112.3028,USGS,Southern Idaho,
2004,USGS.434657112282201,272.035,82.916268,43.78211,-112.4735,USGS,Southern Idaho,
2004,USSCS.352158090232301,31.93666667,9.734296001,35.36662,-90.3907,USGS,Eastern Arkansas,
2004,USSCS.355018090512401,72.1,21.97608,35.83535,-90.8582,USGS,Eastern Arkansas,
2005,KSGS.371852100505801,246.96,75.273408,37.31502,-100.8505,USGS,Southern Kansas,
2005,KSGS.372043101363101,229.91,70.076568,37.34495,-101.6104,USGS,Southern Kansas,
2005,KSGS.372539100142504,79.03,24.088344,37.42949,-100.2434,USGS,Southern Kansas,
2005,KSGS.373331098033301,19.4,5.91312,37.56096,-98.058,USGS,Southern Kansas,
2005,KSGS.373607100565301,391.29,119.265192,37.59874,-100.9497,USGS,Southern Kansas,
2005,KSGS.374111099070401,38.78,11.820144,37.68448,-99.1192,USGS,Southern Kansas,
2005,KSGS.374125100344101,180.21,54.928008,37.69024,-100.5795,USGS,Southern Kansas,
2005,KSGS.374747100552101,187.98,57.296304,37.79492,-100.9225,USGS,Southern Kansas,
2005,KSGS.375145100485701,140.8,42.91584,37.86209,-100.8179,USGS,Southern Kansas,
2005,KSGS.375454101075401,150.8875,45.99051,37.91572,-101.1306,USGS,Southern Kansas,
2005,TWDB.0753701,247.85,75.54468,35.16,-102.4886,USGS,Western Texas,
2005,TWDB.1005225,278.01,84.737448,34.97,-102.4381,USGS,Western Texas,
2005,TWDB.1038101,287.66,87.678768,34.46,-102.3522,USGS,Western Texas,
2005,TWDB.1039702,261.65,79.75092,34.38,-102.2336,USGS,Western Texas,
2005,TWDB.1157901,233.66,71.219568,34.03,-101.9056,USGS,Western Texas,
2005,TWDB.2409103,169.37,51.623976,33.8575,-102.9786,USGS,Western Texas,
2005,TWDB.2409801,120.49,36.725352,33.76,-102.9564,USGS,Western Texas,
2005,TWDB.2423701,112.38,34.253424,33.65222,-102.2278,USGS,Western Texas,
2005,TWDB.2453902,150.3,45.81144,33.13833,-102.3808,USGS,Western Texas,
2005,UNLCSD.423037099353801,36.25,11.049,42.51028,-99.5943,USGS,Central Nebraska,
2005,USGS.335258091152301,28.99,8.836152,33.88238,-91.2582,USGS,Eastern Arkansas,
2005,USGS.340440091231201,44.0,13.4112,34.07647,-91.3878,USGS,Eastern Arkansas,
2005,USGS.342649091251916,100.175,30.53334,34.46473,-91.4209,USGS,Eastern Arkansas,
2005,USGS.345519091505401,92.6975,28.254198,34.92182,-91.8482,USGS,Eastern Arkansas,
2005,USGS.350029090265801,26.575,8.10006,35.0071,-90.4491,USGS,Eastern Arkansas,
2005,USGS.373644113411501,227.21,69.253608,37.6122,-113.6883,USGS,Western Utah,
2005,USGS.381901113014102,78.64,23.969472,38.31691,-113.0288,USGS,Western Utah,
2005,USGS.383921112175901,84.72,25.822656,38.65806,-112.1672,USGS,Western Utah,
2005,USGS.390819111530701,25.63,7.812024,39.13857,-111.886,USGS,Western Utah,
2005,USGS.392601112412201,25.25,7.6962,39.43356,-112.6902,USGS,Western Utah,
2005,USGS.400932101404101,87.96,26.810208,40.15888,-101.6785,USGS,Central Nebraska,
2005,USGS.402103099402900,112.725,34.35858,40.35123,-99.674,USGS,Central Nebraska,
2005,USGS.402408099584800,100.71,30.696408,40.402,-99.9818,USGS,Central Nebraska,
2005,USGS.403235101395501,106.37625,32.423481,40.54472,-101.6668,USGS,Central Nebraska,
2005,USGS.403949098182201,115.31,35.146488,40.66362,-98.3064,USGS,Central Nebraska,
2005,USGS.412603099492001,208.115,63.433452,41.43417,-99.8226,USGS,Central Nebraska,
2005,USGS.415754112551301,198.19,60.408312,41.96492,-112.9211,USGS,Southern Idaho,
2005,USGS.433218112191601,591.94,180.423312,43.53824,-112.3219,USGS,Southern Idaho,
2005,USGS.434102112180701,424.765,129.468372,43.68389,-112.3028,USGS,Southern Idaho,
2005,USGS.434657112282201,273.0125,83.21421,43.78211,-112.4735,USGS,Southern Idaho,
2005,USSCS.352158090232301,32.26666667,9.834880001,35.36662,-90.3907,USGS,Eastern Arkansas,
2005,USSCS.355018090512401,72.65,22.14372,35.83535,-90.8582,USGS,Eastern Arkansas,
2006,KSGS.371852100505801,248.07,75.611736,37.31502,-100.8505,USGS,Southern Kansas,
2006,KSGS.372043101363101,229.29,69.887592,37.34495,-101.6104,USGS,Southern Kansas,
2006,KSGS.372539100142504,76.73,23.387304,37.42949,-100.2434,USGS,Southern Kansas,
2006,KSGS.373331098033301,19.34,5.894832,37.56096,-98.058,USGS,Southern Kansas,
2006,KSGS.373607100565301,390.58,119.048784,37.59874,-100.9497,USGS,Southern Kansas,
2006,KSGS.374111099070401,38.9,11.85672,37.68448,-99.1192,USGS,Southern Kansas,
2006,KSGS.374125100344101,186.38,56.808624,37.69024,-100.5795,USGS,Southern Kansas,
2006,KSGS.374747100552101,193.2,58.88736,37.79492,-100.9225,USGS,Southern Kansas,
2006,KSGS.375145100485701,144.18,43.946064,37.86209,-100.8179,USGS,Southern Kansas,
2006,KSGS.375454101075401,154.33,47.039784,37.91572,-101.1306,USGS,Southern Kansas,
2006,TWDB.0753701,248.41,75.715368,35.16,-102.4886,USGS,Western Texas,
2006,TWDB.1005225,278.69,84.944712,34.97,-102.4381,USGS,Western Texas,
2006,TWDB.1038101,289.05,88.10244,34.46,-102.3522,USGS,Western Texas,
2006,TWDB.1039702,265.62,80.960976,34.38,-102.2336,USGS,Western Texas,
2006,TWDB.1157901,237.57,72.411336,34.03,-101.9056,USGS,Western Texas,
2006,TWDB.2409103,167.84,51.157632,33.8575,-102.9786,USGS,Western Texas,
2006,TWDB.2409801,120.64,36.771072,33.76,-102.9564,USGS,Western Texas,
2006,TWDB.2423701,112.99,34.439352,33.65222,-102.2278,USGS,Western Texas,
2006,TWDB.2453902,150.68,45.927264,33.13833,-102.3808,USGS,Western Texas,
2006,UNLCSD.423037099353801,35.96,10.960608,42.51028,-99.5943,USGS,Central Nebraska,
2006,USGS.335258091152301,30.41666667,9.271000001,33.88238,-91.2582,USGS,Eastern Arkansas,
2006,USGS.340440091231201,42.41,12.926568,34.07647,-91.3878,USGS,Eastern Arkansas,
2006,USGS.342649091251916,100.3633333,30.59074399,34.46473,-91.4209,USGS,Eastern Arkansas,
2006,USGS.345519091505401,94.915,28.930092,34.92182,-91.8482,USGS,Eastern Arkansas,
2006,USGS.350029090265801,27.69,8.439912,35.0071,-90.4491,USGS,Eastern Arkansas,
2006,USGS.373644113411501,217.97,66.437256,37.6122,-113.6883,USGS,Western Utah,
2006,USGS.381901113014102,75.23,22.930104,38.31691,-113.0288,USGS,Western Utah,
2006,USGS.383921112175901,79.63,24.271224,38.65806,-112.1672,USGS,Western Utah,
2006,USGS.390819111530701,24.27,7.397496,39.13857,-111.886,USGS,Western Utah,
2006,USGS.392601112412201,24.35,7.42188,39.43356,-112.6902,USGS,Western Utah,
2006,USGS.400932101404101,92.54,28.206192,40.15888,-101.6785,USGS,Central Nebraska,
2006,USGS.402103099402900,113.355,34.550604,40.35123,-99.674,USGS,Central Nebraska,
2006,USGS.402408099584800,100.315,30.576012,40.402,-99.9818,USGS,Central Nebraska,
2006,USGS.403235101395501,109.0017391,33.22373008,40.54472,-101.6668,USGS,Central Nebraska,
2006,USGS.403949098182201,115.62,35.240976,40.66362,-98.3064,USGS,Central Nebraska,
2006,USGS.412603099492001,208.125,63.4365,41.43417,-99.8226,USGS,Central Nebraska,
2006,USGS.415754112551301,198.0,60.3504,41.96492,-112.9211,USGS,Southern Idaho,
2006,USGS.433218112191601,590.7675,180.065934,43.53824,-112.3219,USGS,Southern Idaho,
2006,USGS.434102112180701,424.0483333,129.249932,43.68389,-112.3028,USGS,Southern Idaho,
2006,USGS.434657112282201,273.405,83.333844,43.78211,-112.4735,USGS,Southern Idaho,
2006,USSCS.352158090232301,32.06666667,9.773920001,35.36662,-90.3907,USGS,Eastern Arkansas,
2006,USSCS.355018090512401,76.1,23.19528,35.83535,-90.8582,USGS,Eastern Arkansas,
2007,KSGS.371852100505801,249.56,76.065888,37.31502,-100.8505,USGS,Southern Kansas,
2007,KSGS.372043101363101,231.51,70.564248,37.34495,-101.6104,USGS,Southern Kansas,
2007,KSGS.372539100142504,75.9,23.13432,37.42949,-100.2434,USGS,Southern Kansas,
2007,KSGS.373331098033301,19.57,5.964936,37.56096,-98.058,USGS,Southern Kansas,
2007,KSGS.373607100565301,393.6,119.96928,37.59874,-100.9497,USGS,Southern Kansas,
2007,KSGS.374111099070401,41.525,12.65682,37.68448,-99.1192,USGS,Southern Kansas,
2007,KSGS.374125100344101,193.52,58.984896,37.69024,-100.5795,USGS,Southern Kansas,
2007,KSGS.374747100552101,199.8,60.89904,37.79492,-100.9225,USGS,Southern Kansas,
2007,KSGS.375145100485701,146.5,44.6532,37.86209,-100.8179,USGS,Southern Kansas,
2007,KSGS.375454101075401,158.59,48.338232,37.91572,-101.1306,USGS,Southern Kansas,
2007,TWDB.0753701,248.77,75.825096,35.16,-102.4886,USGS,Western Texas,
2007,TWDB.1005225,279.34,85.142832,34.97,-102.4381,USGS,Western Texas,
2007,TWDB.1038101,291.69,88.907112,34.46,-102.3522,USGS,Western Texas,
2007,TWDB.1039702,269.4,82.11312,34.38,-102.2336,USGS,Western Texas,
2007,TWDB.1157901,238.65,72.74052,34.03,-101.9056,USGS,Western Texas,
2007,TWDB.2409103,167.08,50.925984,33.8575,-102.9786,USGS,Western Texas,
2007,TWDB.2409801,119.86,36.533328,33.76,-102.9564,USGS,Western Texas,
2007,TWDB.2423701,113.89,34.713672,33.65222,-102.2278,USGS,Western Texas,
2007,TWDB.2453902,150.84,45.976032,33.13833,-102.3808,USGS,Western Texas,
2007,UNLCSD.423037099353801,37.78,11.515344,42.51028,-99.5943,USGS,Central Nebraska,
2007,USGS.335258091152301,32.7,9.96696,33.88238,-91.2582,USGS,Eastern Arkansas,
2007,USGS.340440091231201,43.1,13.13688,34.07647,-91.3878,USGS,Eastern Arkansas,
2007,USGS.342649091251916,100.815,30.728412,34.46473,-91.4209,USGS,Eastern Arkansas,
2007,USGS.345519091505401,96.42,29.388816,34.92182,-91.8482,USGS,Eastern Arkansas,
2007,USGS.350029090265801,28.1,8.56488,35.0071,-90.4491,USGS,Eastern Arkansas,
2007,USGS.373644113411501,221.56,67.531488,37.6122,-113.6883,USGS,Western Utah,
2007,USGS.381901113014102,79.35,24.18588,38.31691,-113.0288,USGS,Western Utah,
2007,USGS.383921112175901,80.25,24.4602,38.65806,-112.1672,USGS,Western Utah,
2007,USGS.390819111530701,24.14,7.357872,39.13857,-111.886,USGS,Western Utah,
2007,USGS.392601112412201,21.05,6.41604,39.43356,-112.6902,USGS,Western Utah,
2007,USGS.400932101404101,91.085,27.762708,40.15888,-101.6785,USGS,Central Nebraska,
2007,USGS.402103099402900,114.305,34.840164,40.35123,-99.674,USGS,Central Nebraska,
2007,USGS.402408099584800,99.64,30.370272,40.402,-99.9818,USGS,Central Nebraska,
2007,USGS.403235101395501,110.1083333,33.56101999,40.54472,-101.6668,USGS,Central Nebraska,
2007,USGS.403949098182201,117.85,35.92068,40.66362,-98.3064,USGS,Central Nebraska,
2007,USGS.412603099492001,211.36,64.422528,41.43417,-99.8226,USGS,Central Nebraska,
2007,USGS.415754112551301,183.27,55.860696,41.96492,-112.9211,USGS,Southern Idaho,
2007,USGS.433218112191601,589.935,179.812188,43.53824,-112.3219,USGS,Southern Idaho,
2007,USGS.434102112180701,421.4271429,128.4509932,43.68389,-112.3028,USGS,Southern Idaho,
2007,USGS.434657112282201,272.215,82.971132,43.78211,-112.4735,USGS,Southern Idaho,
2007,USSCS.352158090232301,33.05,10.07364,35.36662,-90.3907,USGS,Eastern Arkansas,
2007,USSCS.355018090512401,78.25,23.8506,35.83535,-90.8582,USGS,Eastern Arkansas,
2008,KSGS.371852100505801,252.74,77.035152,37.31502,-100.8505,USGS,Southern Kansas,86.50137741046832
2008,KSGS.372043101363101,232.78,70.951344,37.34495,-101.6104,USGS,Southern Kansas,32.966023875114786
2008,KSGS.372539100142504,83.14,25.341072,37.42949,-100.2434,USGS,Southern Kansas,82.46097337006428
2008,KSGS.373331098033301,18.51,5.641848,37.56096,-98.058,USGS,Southern Kansas,77.04315886134067
2008,KSGS.373607100565301,393.69,119.996712,37.59874,-100.9497,USGS,Southern Kansas,37.83287419651056
2008,KSGS.374111099070401,39.93,12.170664,37.68448,-99.1192,USGS,Southern Kansas,63.08539944903582
2008,KSGS.374125100344101,199.385,60.772548,37.69024,-100.5795,USGS,Southern Kansas,73.00275482093664
2008,KSGS.374747100552101,204.7,62.39256,37.79492,-100.9225,USGS,Southern Kansas,90.72543617998163
2008,KSGS.375145100485701,149.65,45.61332,37.86209,-100.8179,USGS,Southern Kansas,74.83930211202939
2008,KSGS.375454101075401,162.9333333,49.66207999,37.91572,-101.1306,USGS,Southern Kansas,87.51147842056933
2008,TWDB.0753701,249.19,75.953112,35.16,-102.4886,USGS,Western Texas,43.52617079889807
2008,TWDB.1005225,280.15,85.38972,34.97,-102.4381,USGS,Western Texas,93.38842975206612
2008,TWDB.1038101,297.85,90.78468,34.46,-102.3522,USGS,Western Texas,94.5821854912764
2008,TWDB.1039702,273.23,83.280504,34.38,-102.2336,USGS,Western Texas,85.9504132231405
2008,TWDB.1157901,238.51,72.697848,34.03,-101.9056,USGS,Western Texas,91.27640036730946
2008,TWDB.2409103,166.01,50.599848,33.8575,-102.9786,USGS,Western Texas,47.107438016528924
2008,TWDB.2409801,121.18,36.935664,33.76,-102.9564,USGS,Western Texas,54.08631772268136
2008,TWDB.2423701,112.67,34.341816,33.65222,-102.2278,USGS,Western Texas,63.08539944903582
2008,TWDB.2453902,150.77,45.954696,33.13833,-102.3808,USGS,Western Texas,85.2157943067034
2008,UNLCSD.423037099353801,38.43,11.713464,42.51028,-99.5943,USGS,Central Nebraska,67.58494031221304
2008,USGS.335258091152301,32.62,9.942576,33.88238,-91.2582,USGS,Eastern Arkansas,78.97153351698806
2008,USGS.340440091231201,44.17,13.463016,34.07647,-91.3878,USGS,Eastern Arkansas,94.12304866850322
2008,USGS.342649091251916,101.1525,30.831282,34.46473,-91.4209,USGS,Eastern Arkansas,79.61432506887053
2008,USGS.345519091505401,96.3975,29.381958,34.92182,-91.8482,USGS,Eastern Arkansas,7.80532598714417
2008,USGS.350029090265801,28.38,8.650224,35.0071,-90.4491,USGS,Eastern Arkansas,74.10468319559229
2008,USGS.373644113411501,226.02,68.890896,37.6122,-113.6883,USGS,Western Utah,85.12396694214877
2008,USGS.381901113014102,80.3,24.47544,38.31691,-113.0288,USGS,Western Utah,85.39944903581267
2008,USGS.383921112175901,82.33,25.094184,38.65806,-112.1672,USGS,Western Utah,40.4040404040404
2008,USGS.390819111530701,24.33,7.415784,39.13857,-111.886,USGS,Western Utah,96.7860422405877
2008,USGS.392601112412201,25.59,7.799832,39.43356,-112.6902,USGS,Western Utah,34.52708907254362
2008,USGS.400932101404101,93.77,28.581096,40.15888,-101.6785,USGS,Central Nebraska,57.85123966942148
2008,USGS.402103099402900,113.695,34.654236,40.35123,-99.674,USGS,Central Nebraska,84.29752066115702
2008,USGS.402408099584800,97.21,29.629608,40.402,-99.9818,USGS,Central Nebraska,78.69605142332415
2008,USGS.403235101395501,110.7314286,33.75093944,40.54472,-101.6668,USGS,Central Nebraska,67.21763085399449
2008,USGS.403949098182201,118.18,36.021264,40.66362,-98.3064,USGS,Central Nebraska,99.54086317722681
2008,USGS.412603099492001,208.72,63.617856,41.43417,-99.8226,USGS,Central Nebraska,56.38200183654729
2008,USGS.415754112551301,184.42,56.211216,41.96492,-112.9211,USGS,Southern Idaho,27.089072543618
2008,USGS.433218112191601,591.225,180.20538,43.53824,-112.3219,USGS,Southern Idaho,55.73921028466483
2008,USGS.434102112180701,425.52,129.698496,43.68389,-112.3028,USGS,Southern Idaho,72.45179063360881
2008,USGS.434657112282201,273.22,83.277456,43.78211,-112.4735,USGS,Southern Idaho,35.53719008264463
2008,USSCS.352158090232301,33.55333333,10.227056,35.36662,-90.3907,USGS,Eastern Arkansas,75.8494031221304
2008,USSCS.355018090512401,77.9,23.74392,35.83535,-90.8582,USGS,Eastern Arkansas,96.7860422405877
2009,KSGS.371852100505801,254.04,77.431392,37.31502,-100.8505,USGS,Southern Kansas,90.72543617998163
2009,KSGS.372043101363101,233.46,71.158608,37.34495,-101.6104,USGS,Southern Kansas,42.97520661157025
2009,KSGS.372539100142504,89.28,27.212544,37.42949,-100.2434,USGS,Southern Kansas,92.1028466483012
2009,KSGS.373331098033301,18.34,5.590032,37.56096,-98.058,USGS,Southern Kansas,76.5840220385675
2009,KSGS.373607100565301,396.49,120.850152,37.59874,-100.9497,USGS,Southern Kansas,43.43434343434344
2009,KSGS.374111099070401,38.57,11.756136,37.68448,-99.1192,USGS,Southern Kansas,64.73829201101928
2009,KSGS.374125100344101,205.82,62.733936,37.69024,-100.5795,USGS,Southern Kansas,83.28741965105601
2009,KSGS.374747100552101,211.2,64.37376,37.79492,-100.9225,USGS,Southern Kansas,84.20569329660239
2009,KSGS.375145100485701,154.0,46.9392,37.86209,-100.8179,USGS,Southern Kansas,77.3186409550046
2009,KSGS.375454101075401,170.7025,52.030122,37.91572,-101.1306,USGS,Southern Kansas,88.52157943067034
2009,TWDB.0753701,249.37,76.007976,35.16,-102.4886,USGS,Western Texas,37.64921946740129
2009,TWDB.1005225,284.98,86.861904,34.97,-102.4381,USGS,Western Texas,72.1763085399449
2009,TWDB.1038101,303.89,92.625672,34.46,-102.3522,USGS,Western Texas,90.26629935720845
2009,TWDB.1039702,280.35,85.45068,34.38,-102.2336,USGS,Western Texas,80.62442607897154
2009,TWDB.1157901,243.26,74.145648,34.03,-101.9056,USGS,Western Texas,90.08264462809917
2009,TWDB.2409103,165.19,50.349912,33.8575,-102.9786,USGS,Western Texas,46.18916437098255
2009,TWDB.2409801,120.62,36.764976,33.76,-102.9564,USGS,Western Texas,75.94123048668503
2009,TWDB.2423701,114.54,34.911792,33.65222,-102.2278,USGS,Western Texas,61.799816345270884
2009,TWDB.2453902,151.33,46.125384,33.13833,-102.3808,USGS,Western Texas,88.33792470156106
2009,UNLCSD.423037099353801,36.71,11.189208,42.51028,-99.5943,USGS,Central Nebraska,66.94214876033058
2009,USGS.335258091152301,31.9825,9.748266,33.88238,-91.2582,USGS,Eastern Arkansas,75.57392102846649
2009,USGS.340440091231201,41.5,12.6492,34.07647,-91.3878,USGS,Eastern Arkansas,63.91184573002755
2009,USGS.342649091251916,101.3825,30.901386,34.46473,-91.4209,USGS,Eastern Arkansas,81.72635445362718
2009,USGS.345519091505401,98.275,29.95422,34.92182,-91.8482,USGS,Eastern Arkansas,0.8264462809917356
2009,USGS.350029090265801,27.2,8.29056,35.0071,-90.4491,USGS,Eastern Arkansas,74.83930211202939
2009,USGS.373644113411501,229.97,70.094856,37.6122,-113.6883,USGS,Western Utah,86.40955004591369
2009,USGS.381901113014102,83.9,25.57272,38.31691,-113.0288,USGS,Western Utah,82.18549127640037
2009,USGS.383921112175901,82.8,25.23744,38.65806,-112.1672,USGS,Western Utah,43.98530762167126
2009,USGS.390819111530701,24.84,7.571232,39.13857,-111.886,USGS,Western Utah,95.77594123048668
2009,USGS.392601112412201,25.31,7.714488,39.43356,-112.6902,USGS,Western Utah,39.85307621671258
2009,USGS.400932101404101,93.92,28.626816,40.15888,-101.6785,USGS,Central Nebraska,56.38200183654729
2009,USGS.402103099402900,112.81,34.384488,40.35123,-99.674,USGS,Central Nebraska,88.98071625344353
2009,USGS.402408099584800,97.35,29.67228,40.402,-99.9818,USGS,Central Nebraska,81.81818181818183
2009,USGS.403235101395501,110.4091667,33.65271401,40.54472,-101.6668,USGS,Central Nebraska,71.900826446281
2009,USGS.403949098182201,116.6,35.53968,40.66362,-98.3064,USGS,Central Nebraska,100.0
2009,USGS.412603099492001,208.095,63.427356,41.43417,-99.8226,USGS,Central Nebraska,57.759412304866856
2009,USGS.415754112551301,186.38,56.808624,41.96492,-112.9211,USGS,Southern Idaho,42.240587695133144
2009,USGS.433218112191601,592.4425,180.576474,43.53824,-112.3219,USGS,Southern Idaho,52.61707988980716
2009,USGS.434102112180701,426.41,129.969768,43.68389,-112.3028,USGS,Southern Idaho,73.92102846648301
2009,USGS.434657112282201,274.25,83.5914,43.78211,-112.4735,USGS,Southern Idaho,34.067952249770435
2009,USSCS.352158090232301,34.5,10.5156,35.36662,-90.3907,USGS,Eastern Arkansas,76.67584940312213
2009,USSCS.355018090512401,77.5,23.622,35.83535,-90.8582,USGS,Eastern Arkansas,54.36179981634527
2010,KSGS.371852100505801,255.87,77.989176,37.31502,-100.8505,USGS,Southern Kansas,66.39118457300276
2010,KSGS.372043101363101,233.45,71.15556,37.34495,-101.6104,USGS,Southern Kansas,51.2396694214876
2010,KSGS.372539100142504,94.36,28.760928,37.42949,-100.2434,USGS,Southern Kansas,68.13590449954087
2010,KSGS.373331098033301,18.71,5.702808,37.56096,-98.058,USGS,Southern Kansas,81.26721763085399
2010,KSGS.373607100565301,398.76,121.542048,37.59874,-100.9497,USGS,Southern Kansas,76.03305785123968
2010,KSGS.374111099070401,37.81,11.524488,37.68448,-99.1192,USGS,Southern Kansas,66.29935720844811
2010,KSGS.374125100344101,212.69,64.827912,37.69024,-100.5795,USGS,Southern Kansas,69.78879706152433
2010,KSGS.374747100552101,217.55,66.30924,37.79492,-100.9225,USGS,Southern Kansas,89.8989898989899
2010,KSGS.375145100485701,160.0,48.768,37.86209,-100.8179,USGS,Southern Kansas,74.10468319559229
2010,KSGS.375454101075401,174.1933333,53.09412799,37.91572,-101.1306,USGS,Southern Kansas,86.50137741046832
2010,TWDB.0753701,249.95,76.18476,35.16,-102.4886,USGS,Western Texas,48.94398530762167
2010,TWDB.1005225,285.86,87.130128,34.97,-102.4381,USGS,Western Texas,95.13314967860423
2010,TWDB.1038101,305.65,93.16212,34.46,-102.3522,USGS,Western Texas,79.70615243342516
2010,TWDB.1039702,284.33,86.663784,34.38,-102.2336,USGS,Western Texas,76.95133149678604
2010,TWDB.1157901,244.01,74.374248,34.03,-101.9056,USGS,Western Texas,88.61340679522498
2010,TWDB.2409103,164.47,50.130456,33.8575,-102.9786,USGS,Western Texas,44.995408631772264
2010,TWDB.2409801,122.03,37.194744,33.76,-102.9564,USGS,Western Texas,76.12488521579431
2010,TWDB.2423701,115.71,35.268408,33.65222,-102.2278,USGS,Western Texas,40.86317722681359
2010,TWDB.2453902,151.85,46.28388,33.13833,-102.3808,USGS,Western Texas,79.98163452708907
2010,UNLCSD.423037099353801,34.59,10.543032,42.51028,-99.5943,USGS,Central Nebraska,62.71808999081726
2010,USGS.335258091152301,28.61,8.720328,33.88238,-91.2582,USGS,Eastern Arkansas,77.77777777777779
2010,USGS.340440091231201,39.66,12.088368,34.07647,-91.3878,USGS,Eastern Arkansas,91.91919191919192
2010,USGS.342649091251916,101.17,30.836616,34.46473,-91.4209,USGS,Eastern Arkansas,76.85950413223141
2010,USGS.345519091505401,98.905,30.146244,34.92182,-91.8482,USGS,Eastern Arkansas,0.5509641873278237
2010,USGS.350029090265801,25.16,7.668768,35.0071,-90.4491,USGS,Eastern Arkansas,73.37006427915519
2010,USGS.373644113411501,233.82,71.268336,37.6122,-113.6883,USGS,Western Utah,43.89348025711662
2010,USGS.381901113014102,85.05,25.92324,38.31691,-113.0288,USGS,Western Utah,85.39944903581267
2010,USGS.383921112175901,83.15,25.34412,38.65806,-112.1672,USGS,Western Utah,42.05693296602387
2010,USGS.390819111530701,24.68,7.522464,39.13857,-111.886,USGS,Western Utah,97.70431588613407
2010,USGS.392601112412201,25.43,7.751064,39.43356,-112.6902,USGS,Western Utah,33.88429752066116
2010,USGS.400932101404101,94.055,28.667964,40.15888,-101.6785,USGS,Central Nebraska,57.3921028466483
2010,USGS.402103099402900,112.34,34.241232,40.35123,-99.674,USGS,Central Nebraska,84.75665748393021
2010,USGS.402408099584800,96.41,29.385768,40.402,-99.9818,USGS,Central Nebraska,81.63452708907253
2010,USGS.403235101395501,109.0633333,33.24250399,40.54472,-101.6668,USGS,Central Nebraska,67.03397612488521
2010,USGS.403949098182201,116.18,35.411664,40.66362,-98.3064,USGS,Central Nebraska,99.72451790633609
2010,USGS.412603099492001,204.925,62.46114,41.43417,-99.8226,USGS,Central Nebraska,53.535353535353536
2010,USGS.415754112551301,186.67,56.897016,41.96492,-112.9211,USGS,Southern Idaho,41.50596877869605
2010,USGS.433218112191601,591.9475,180.425598,43.53824,-112.3219,USGS,Southern Idaho,51.515151515151516
2010,USGS.434102112180701,423.7766667,129.167128,43.68389,-112.3028,USGS,Southern Idaho,73.18640955004592
2010,USGS.434657112282201,273.045,83.224116,43.78211,-112.4735,USGS,Southern Idaho,34.9862258953168
2010,USSCS.352158090232301,33.83,10.311384,35.36662,-90.3907,USGS,Eastern Arkansas,76.03305785123968
2010,USSCS.355018090512401,76.0,23.1648,35.83535,-90.8582,USGS,Eastern Arkansas,96.23507805325987
2011,KSGS.371852100505801,257.2,78.39456,37.31502,-100.8505,USGS,Southern Kansas,93.29660238751147
2011,KSGS.372043101363101,236.4,72.05472,37.34495,-101.6104,USGS,Southern Kansas,70.70707070707071
2011,KSGS.372539100142504,99.13,30.214824,37.42949,-100.2434,USGS,Southern Kansas,92.56198347107438
2011,KSGS.373331098033301,19.29,5.879592,37.56096,-98.058,USGS,Southern Kansas,80.53259871441689
2011,KSGS.373607100565301,401.25,122.301,37.59874,-100.9497,USGS,Southern Kansas,4.958677685950414
2011,KSGS.374111099070401,38.55,11.75004,37.68448,-99.1192,USGS,Southern Kansas,63.820018365472905
2011,KSGS.374125100344101,222.47,67.808856,37.69024,-100.5795,USGS,Southern Kansas,77.59412304866851
2011,KSGS.374747100552101,224.2,68.33616,37.79492,-100.9225,USGS,Southern Kansas,85.39944903581267
2011,KSGS.375145100485701,167.85,51.16068,37.86209,-100.8179,USGS,Southern Kansas,74.19651056014692
2011,KSGS.375454101075401,177.93,54.233064,37.91572,-101.1306,USGS,Southern Kansas,84.84848484848484
2011,TWDB.0753701,250.26,76.279248,35.16,-102.4886,USGS,Western Texas,49.127640036730945
2011,TWDB.1005225,288.19,87.840312,34.97,-102.4381,USGS,Western Texas,75.8494031221304
2011,TWDB.1038101,310.52,94.646496,34.46,-102.3522,USGS,Western Texas,93.48025711662076
2011,TWDB.1039702,286.87,87.437976,34.38,-102.2336,USGS,Western Texas,82.00183654729109
2011,TWDB.1157901,246.18,75.035664,34.03,-101.9056,USGS,Western Texas,92.74563820018365
2011,TWDB.2409103,164.18,50.042064,33.8575,-102.9786,USGS,Western Texas,44.26078971533517
2011,TWDB.2409801,122.9,37.45992,33.76,-102.9564,USGS,Western Texas,74.93112947658402
2011,TWDB.2423701,115.49,35.201352,33.65222,-102.2278,USGS,Western Texas,61.799816345270884
2011,TWDB.2453902,152.0,46.3296,33.13833,-102.3808,USGS,Western Texas,86.50137741046832
2011,UNLCSD.423037099353801,30.72,9.363456,42.51028,-99.5943,USGS,Central Nebraska,71.34986225895317
2011,USGS.335258091152301,32.214,9.8188272,33.88238,-91.2582,USGS,Eastern Arkansas,80.99173553719008
2011,USGS.340440091231201,40.4,12.31392,34.07647,-91.3878,USGS,Eastern Arkansas,92.56198347107438
2011,USGS.342649091251916,101.18,30.839664,34.46473,-91.4209,USGS,Eastern Arkansas,79.24701561065197
2011,USGS.345519091505401,100.6525,30.678882,34.92182,-91.8482,USGS,Eastern Arkansas,0.8264462809917356
2011,USGS.350029090265801,26.15,7.97052,35.0071,-90.4491,USGS,Eastern Arkansas,72.26813590449954
2011,USGS.373644113411501,235.92,71.908416,37.6122,-113.6883,USGS,Western Utah,15.426997245179063
2011,USGS.381901113014102,86.72,26.432256,38.31691,-113.0288,USGS,Western Utah,84.48117539026629
2011,USGS.383921112175901,82.71,25.210008,38.65806,-112.1672,USGS,Western Utah,38.75114784205693
2011,USGS.390819111530701,24.44,7.449312,39.13857,-111.886,USGS,Western Utah,96.23507805325987
2011,USGS.392601112412201,24.49,7.464552,39.43356,-112.6902,USGS,Western Utah,36.36363636363637
2011,USGS.400932101404101,95.275,29.03982,40.15888,-101.6785,USGS,Central Nebraska,57.66758494031221
2011,USGS.402103099402900,112.285,34.224468,40.35123,-99.674,USGS,Central Nebraska,49.311294765840216
2011,USGS.402408099584800,96.385,29.378148,40.402,-99.9818,USGS,Central Nebraska,81.17539026629935
2011,USGS.403235101395501,106.5258824,32.46908896,40.54472,-101.6668,USGS,Central Nebraska,75.66574839302112
2011,USGS.403949098182201,116.2,35.41776,40.66362,-98.3064,USGS,Central Nebraska,99.90817263544535
2011,USGS.412603099492001,202.175,61.62294,41.43417,-99.8226,USGS,Central Nebraska,53.994490358126725
2011,USGS.415754112551301,188.46,57.442608,41.96492,-112.9211,USGS,Southern Idaho,70.70707070707071
2011,USGS.433218112191601,591.5075,180.291486,43.53824,-112.3219,USGS,Southern Idaho,53.90266299357208
2011,USGS.434102112180701,423.7628571,129.1629188,43.68389,-112.3028,USGS,Southern Idaho,73.09458218549128
2011,USGS.434657112282201,273.4275,83.340702,43.78211,-112.4735,USGS,Southern Idaho,33.42516069788797
2011,USSCS.352158090232301,34.3,10.45464,35.36662,-90.3907,USGS,Eastern Arkansas,58.58585858585859
2011,USSCS.355018090512401,76.8,23.40864,35.83535,-90.8582,USGS,Eastern Arkansas,96.23507805325987
2012,KSGS.371852100505801,263.27,80.244696,37.31502,-100.8505,USGS,Southern Kansas,87.69513314967861
2012,KSGS.372043101363101,237.36,72.347328,37.34495,-101.6104,USGS,Southern Kansas,55.371900826446286
2012,KSGS.372539100142504,110.94,33.814512,37.42949,-100.2434,USGS,Southern Kansas,87.23599632690542
2012,KSGS.373331098033301,21.65,6.59892,37.56096,-98.058,USGS,Southern Kansas,78.51239669421489
2012,KSGS.373607100565301,406.43,123.879864,37.59874,-100.9497,USGS,Southern Kansas,75.94123048668503
2012,KSGS.374111099070401,41.22,12.563856,37.68448,-99.1192,USGS,Southern Kansas,60.51423324150596
2012,KSGS.374125100344101,233.015,71.022972,37.69024,-100.5795,USGS,Southern Kansas,81.63452708907253
2012,KSGS.374747100552101,232.6,70.89648,37.79492,-100.9225,USGS,Southern Kansas,85.67493112947659
2012,KSGS.375145100485701,172.7,52.63896,37.86209,-100.8179,USGS,Southern Kansas,71.71717171717171
2012,KSGS.375454101075401,185.385,56.505348,37.91572,-101.1306,USGS,Southern Kansas,86.86868686868688
2012,TWDB.0753701,250.65,76.39812,35.16,-102.4886,USGS,Western Texas,82.46097337006428
2012,TWDB.1005225,288.42,87.910416,34.97,-102.4381,USGS,Western Texas,84.57300275482093
2012,TWDB.1038101,316.66,96.517968,34.46,-102.3522,USGS,Western Texas,90.44995408631772
2012,TWDB.1039702,295.53,90.077544,34.38,-102.2336,USGS,Western Texas,68.9623507805326
2012,TWDB.1157901,251.72,76.724256,34.03,-101.9056,USGS,Western Texas,86.77685950413223
2012,TWDB.2409103,164.29,50.075592,33.8575,-102.9786,USGS,Western Texas,46.648301193755735
2012,TWDB.2409801,124.61,37.981128,33.76,-102.9564,USGS,Western Texas,74.28833792470157
2012,TWDB.2423701,116.1,35.38728,33.65222,-102.2278,USGS,Western Texas,38.84297520661157
2012,TWDB.2453902,152.29,46.417992,33.13833,-102.3808,USGS,Western Texas,89.1643709825528
2012,UNLCSD.423037099353801,30.03,9.153144,42.51028,-99.5943,USGS,Central Nebraska,74.47199265381084
2012,USGS.335258091152301,34.035,10.373868,33.88238,-91.2582,USGS,Eastern Arkansas,79.24701561065197
2012,USGS.340440091231201,41.34,12.600432,34.07647,-91.3878,USGS,Eastern Arkansas,93.20477502295684
2012,USGS.342649091251916,101.2214286,30.85229144,34.46473,-91.4209,USGS,Eastern Arkansas,79.61432506887053
2012,USGS.345519091505401,101.6125,30.97149,34.92182,-91.8482,USGS,Eastern Arkansas,5.876951331496786
2012,USGS.350029090265801,24.99,7.616952,35.0071,-90.4491,USGS,Eastern Arkansas,75.66574839302112
2012,USGS.373644113411501,234.7,71.53656,37.6122,-113.6883,USGS,Western Utah,12.304866850321396
2012,USGS.381901113014102,82.8,25.23744,38.31691,-113.0288,USGS,Western Utah,71.16620752984389
2012,USGS.383921112175901,78.77,24.009096,38.65806,-112.1672,USGS,Western Utah,41.41414141414141
2012,USGS.390819111530701,22.32,6.803136,39.13857,-111.886,USGS,Western Utah,98.98989898989899
2012,USGS.392601112412201,21.63,6.592824,39.43356,-112.6902,USGS,Western Utah,43.80165289256198
2012,USGS.400932101404101,95.395,29.076396,40.15888,-101.6785,USGS,Central Nebraska,59.87144168962351
2012,USGS.402103099402900,110.95,33.81756,40.35123,-99.674,USGS,Central Nebraska,81.17539026629935
2012,USGS.402408099584800,96.26,29.340048,40.402,-99.9818,USGS,Central Nebraska,83.93021120293848
2012,USGS.403235101395501,106.2584615,32.38757907,40.54472,-101.6668,USGS,Central Nebraska,72.1763085399449
2012,USGS.403949098182201,115.9,35.32632,40.66362,-98.3064,USGS,Central Nebraska,100.0
2012,USGS.412603099492001,201.925,61.54674,41.43417,-99.8226,USGS,Central Nebraska,56.93296602387512
2012,USGS.415754112551301,188.67,57.506616,41.96492,-112.9211,USGS,Southern Idaho,55.188246097337
2012,USGS.433218112191601,591.4875,180.28539,43.53824,-112.3219,USGS,Southern Idaho,52.34159779614325
2012,USGS.434102112180701,423.9057143,129.2064617,43.68389,-112.3028,USGS,Southern Idaho,70.79889807162535
2012,USGS.434657112282201,273.6275,83.401662,43.78211,-112.4735,USGS,Southern Idaho,33.057851239669425
2012,USSCS.352158090232301,33.2,10.11936,35.36662,-90.3907,USGS,Eastern Arkansas,77.96143250688705
2012,USSCS.355018090512401,79.5,24.2316,35.83535,-90.8582,USGS,Eastern Arkansas,96.87786960514234
2013,KSGS.371852100505801,266.14,81.119472,37.31502,-100.8505,USGS,Southern Kansas,77.3186409550046
2013,KSGS.372043101363101,238.36,72.652128,37.34495,-101.6104,USGS,Southern Kansas,28.833792470156105
2013,KSGS.372539100142504,115.61,35.237928,37.42949,-100.2434,USGS,Southern Kansas,72.63544536271809
2013,KSGS.373331098033301,22.8,6.94944,37.56096,-98.058,USGS,Southern Kansas,78.51239669421489
2013,KSGS.373607100565301,408.64,124.553472,37.59874,-100.9497,USGS,Southern Kansas,43.25068870523416
2013,KSGS.374111099070401,42.61,12.987528,37.68448,-99.1192,USGS,Southern Kansas,60.88154269972452
2013,KSGS.374125100344101,238.025,72.55002,37.69024,-100.5795,USGS,Southern Kansas,72.45179063360881
2013,KSGS.374747100552101,239.5,72.9996,37.79492,-100.9225,USGS,Southern Kansas,91.18457300275482
2013,KSGS.375145100485701,175.0,53.34,37.86209,-100.8179,USGS,Southern Kansas,74.01285583103765
2013,KSGS.375454101075401,191.3866667,58.33465601,37.91572,-101.1306,USGS,Southern Kansas,85.39944903581267
2013,TWDB.0753701,251.18,76.559664,35.16,-102.4886,USGS,Western Texas,79.70615243342516
2013,TWDB.1005225,293.05,89.32164,34.97,-102.4381,USGS,Western Texas,87.78696051423324
2013,TWDB.1038101,322.6,98.32848,34.46,-102.3522,USGS,Western Texas,62.35078053259871
2013,TWDB.1039702,302.52,92.208096,34.38,-102.2336,USGS,Western Texas,70.24793388429752
2013,TWDB.1157901,256.18,78.083664,34.03,-101.9056,USGS,Western Texas,93.8475665748393
2013,TWDB.2409103,164.64,50.182272,33.8575,-102.9786,USGS,Western Texas,62.90174471992653
2013,TWDB.2409801,127.27,38.791896,33.76,-102.9564,USGS,Western Texas,88.1542699724518
2013,TWDB.2423701,116.18,35.411664,33.65222,-102.2278,USGS,Western Texas,40.12855831037649
2013,TWDB.2453902,152.58,46.506384,33.13833,-102.3808,USGS,Western Texas,84.57300275482093
2013,UNLCSD.423037099353801,36.39,11.091672,42.51028,-99.5943,USGS,Central Nebraska,73.55371900826447
2013,USGS.335258091152301,34.722,10.5832656,33.88238,-91.2582,USGS,Eastern Arkansas,82.00183654729109
2013,USGS.340440091231201,41.19,12.554712,34.07647,-91.3878,USGS,Eastern Arkansas,92.56198347107438
2013,USGS.342649091251916,101.4175,30.912054,34.46473,-91.4209,USGS,Eastern Arkansas,77.04315886134067
2013,USGS.345519091505401,102.862,31.3523376,34.92182,-91.8482,USGS,Eastern Arkansas,1.1019283746556474
2013,USGS.350029090265801,26.7,8.13816,35.0071,-90.4491,USGS,Eastern Arkansas,74.01285583103765
2013,USGS.373644113411501,238.11,72.575928,37.6122,-113.6883,USGS,Western Utah,19.92653810835629
2013,USGS.381901113014102,84.7,25.81656,38.31691,-113.0288,USGS,Western Utah,84.57300275482093
2013,USGS.383921112175901,81.08,24.713184,38.65806,-112.1672,USGS,Western Utah,42.97520661157025
2013,USGS.390819111530701,23.35,7.11708,39.13857,-111.886,USGS,Western Utah,87.87878787878788
2013,USGS.392601112412201,22.76,6.937248,39.43356,-112.6902,USGS,Western Utah,35.16988062442608
2013,USGS.400932101404101,96.86,29.522928,40.15888,-101.6785,USGS,Central Nebraska,57.94306703397613
2013,USGS.402103099402900,113.62,34.631376,40.35123,-99.674,USGS,Central Nebraska,86.40955004591369
2013,USGS.402408099584800,99.045,30.188916,40.402,-99.9818,USGS,Central Nebraska,63.45270890725436
2013,USGS.403235101395501,107.5061538,32.76787568,40.54472,-101.6668,USGS,Central Nebraska,68.9623507805326
2013,USGS.403949098182201,118.04,35.978592,40.66362,-98.3064,USGS,Central Nebraska,100.0
2013,USGS.412603099492001,207.84,63.349632,41.43417,-99.8226,USGS,Central Nebraska,57.116620752984396
2013,USGS.415754112551301,195.23,59.506104,41.96492,-112.9211,USGS,Southern Idaho,54.9127640036731
2013,USGS.433218112191601,592.0425,180.454554,43.53824,-112.3219,USGS,Southern Idaho,49.586776859504134
2013,USGS.434102112180701,423.7,129.14376,43.68389,-112.3028,USGS,Southern Idaho,71.71717171717171
2013,USGS.434657112282201,273.9125,83.48853,43.78211,-112.4735,USGS,Southern Idaho,33.88429752066116
2013,USSCS.352158090232301,34.95,10.65276,35.36662,-90.3907,USGS,Eastern Arkansas,73.09458218549128
2013,USSCS.355018090512401,78.7,23.98776,35.83535,-90.8582,USGS,Eastern Arkansas,96.69421487603306
2014,KSGS.371852100505801,269.79,82.231992,37.31502,-100.8505,USGS,Southern Kansas,83.10376492194675
2014,KSGS.372043101363101,239.88,73.115424,37.34495,-101.6104,USGS,Southern Kansas,53.25987144168962
2014,KSGS.372539100142504,119.38,36.387024,37.42949,-100.2434,USGS,Southern Kansas,86.04224058769513
2014,KSGS.373331098033301,22.08,6.729984,37.56096,-98.058,USGS,Southern Kansas,66.7584940312213
2014,KSGS.373607100565301,409.71,124.879608,37.59874,-100.9497,USGS,Southern Kansas,40.67952249770432
2014,KSGS.374111099070401,42.88,13.069824,37.68448,-99.1192,USGS,Southern Kansas,54.637281910009186
2014,KSGS.374125100344101,241.99,73.758552,37.69024,-100.5795,USGS,Southern Kansas,74.56382001836546
2014,KSGS.374747100552101,245.5,74.8284,37.79492,-100.9225,USGS,Southern Kansas,93.38842975206612
2014,KSGS.375145100485701,180.3,54.95544,37.86209,-100.8179,USGS,Southern Kansas,68.31955922865014
2014,KSGS.375454101075401,197.0333333,60.05575999,37.91572,-101.1306,USGS,Southern Kansas,70.06427915518825
2014,TWDB.0753701,251.47,76.648056,35.16,-102.4886,USGS,Western Texas,78.97153351698806
2014,TWDB.1005225,294.42,89.739216,34.97,-102.4381,USGS,Western Texas,67.76859504132231
2014,TWDB.1038101,328.88,100.242624,34.46,-102.3522,USGS,Western Texas,65.84022038567493
2014,TWDB.1039702,306.71,93.485208,34.38,-102.2336,USGS,Western Texas,60.23875114784206
2014,TWDB.1157901,257.13,78.373224,34.03,-101.9056,USGS,Western Texas,94.49035812672176
2014,TWDB.2409103,165.34,50.395632,33.8575,-102.9786,USGS,Western Texas,11.47842056932966
2014,TWDB.2409801,128.7,39.22776,33.76,-102.9564,USGS,Western Texas,79.88980716253444
2014,TWDB.2423701,116.92,35.637216,33.65222,-102.2278,USGS,Western Texas,42.05693296602387
2014,TWDB.2453902,153.03,46.643544,33.13833,-102.3808,USGS,Western Texas,86.9605142332415
2014,UNLCSD.423037099353801,38.84,11.838432,42.51028,-99.5943,USGS,Central Nebraska,77.41046831955923
2014,USGS.335258091152301,35.33333333,10.7696,33.88238,-91.2582,USGS,Eastern Arkansas,83.19559228650138
2014,USGS.340440091231201,42.48,12.947904,34.07647,-91.3878,USGS,Eastern Arkansas,92.8374655647383
2014,USGS.342649091251916,101.6033333,30.96869599,34.46473,-91.4209,USGS,Eastern Arkansas,78.87970615243343
2014,USGS.345519091505401,103.47,31.537656,34.92182,-91.8482,USGS,Eastern Arkansas,0.5509641873278237
2014,USGS.350029090265801,26.19,7.982712,35.0071,-90.4491,USGS,Eastern Arkansas,74.56382001836546
2014,USGS.373644113411501,241.65,73.65492,37.6122,-113.6883,USGS,Western Utah,23.324150596877868
2014,USGS.381901113014102,87.25,26.5938,38.31691,-113.0288,USGS,Western Utah,89.71533516988063
2014,USGS.383921112175901,83.25,25.3746,38.65806,-112.1672,USGS,Western Utah,39.57759412304867
2014,USGS.390819111530701,24.08,7.339584,39.13857,-111.886,USGS,Western Utah,97.70431588613407
2014,USGS.392601112412201,23.94,7.296912,39.43356,-112.6902,USGS,Western Utah,29.10927456382002
2014,USGS.400932101404101,98.82,30.120336,40.15888,-101.6785,USGS,Central Nebraska,58.76951331496786
2014,USGS.402103099402900,115.185,35.108388,40.35123,-99.674,USGS,Central Nebraska,85.58310376492194
2014,USGS.402408099584800,99.445,30.310836,40.402,-99.9818,USGS,Central Nebraska,81.26721763085399
2014,USGS.403235101395501,108.6415385,33.11394093,40.54472,-101.6668,USGS,Central Nebraska,69.23783287419651
2014,USGS.403949098182201,119.6,36.45408,40.66362,-98.3064,USGS,Central Nebraska,100.0
2014,USGS.412603099492001,207.325,63.19266,41.43417,-99.8226,USGS,Central Nebraska,53.351698806244265
2014,USGS.415754112551301,222.43,67.796664,41.96492,-112.9211,USGS,Southern Idaho,31.955922865013775
2014,USGS.433218112191601,593.6225,180.936138,43.53824,-112.3219,USGS,Southern Idaho,51.2396694214876
2014,USGS.434102112180701,427.3485714,130.2558446,43.68389,-112.3028,USGS,Southern Idaho,74.93112947658402
2014,USGS.434657112282201,277.73,84.652104,43.78211,-112.4735,USGS,Southern Idaho,32.5068870523416
2014,USSCS.352158090232301,34.59,10.543032,35.36662,-90.3907,USGS,Eastern Arkansas,75.94123048668503
2014,USSCS.355018090512401,76.5,23.3172,35.83535,-90.8582,USGS,Eastern Arkansas,96.69421487603306
2015,KSGS.371852100505801,271.88,82.869024,37.31502,-100.8505,USGS,Southern Kansas,93.38842975206612
2015,KSGS.372043101363101,239.29,72.935592,37.34495,-101.6104,USGS,Southern Kansas,54.637281910009186
2015,KSGS.372539100142504,122.245,37.260276,37.42949,-100.2434,USGS,Southern Kansas,93.20477502295684
2015,KSGS.373331098033301,23.65,7.20852,37.56096,-98.058,USGS,Southern Kansas,79.7979797979798
2015,KSGS.373607100565301,413.2,125.94336,37.59874,-100.9497,USGS,Southern Kansas,47.658402203856745
2015,KSGS.374111099070401,43.57,13.280136,37.68448,-99.1192,USGS,Southern Kansas,61.61616161616161
2015,KSGS.374125100344101,245.54,74.840592,37.69024,-100.5795,USGS,Southern Kansas,80.89990817263545
2015,KSGS.374747100552101,252.3,76.90104,37.79492,-100.9225,USGS,Southern Kansas,83.47107438016529
2015,KSGS.375145100485701,186.0,56.6928,37.86209,-100.8179,USGS,Southern Kansas,73.37006427915519
2015,KSGS.375454101075401,203.5133333,62.03086399,37.91572,-101.1306,USGS,Southern Kansas,79.43067033976125
2015,TWDB.0753701,254.23,77.489304,35.16,-102.4886,USGS,Western Texas,97.70431588613407
2015,TWDB.1005225,295.25,89.9922,34.97,-102.4381,USGS,Western Texas,92.3783287419651
2015,TWDB.1038101,333.78,101.736144,34.46,-102.3522,USGS,Western Texas,94.49035812672176
2015,TWDB.1039702,311.3,94.88424,34.38,-102.2336,USGS,Western Texas,84.29752066115702
2015,TWDB.1157901,258.46,78.778608,34.03,-101.9056,USGS,Western Texas,75.75757575757575
2015,TWDB.2409103,165.82,50.541936,33.8575,-102.9786,USGS,Western Texas,2.479338842975207
2015,TWDB.2409801,128.49,39.163752,33.76,-102.9564,USGS,Western Texas,72.08448117539027
2015,TWDB.2423701,116.99,35.658552,33.65222,-102.2278,USGS,Western Texas,41.78145087235997
2015,TWDB.2453902,153.1,46.66488,33.13833,-102.3808,USGS,Western Texas,88.98071625344353
2015,UNLCSD.423037099353801,37.97,11.573256,42.51028,-99.5943,USGS,Central Nebraska,74.93112947658402
2015,USGS.335258091152301,34.835,10.617708,33.88238,-91.2582,USGS,Eastern Arkansas,80.44077134986226
2015,USGS.340440091231201,40.05,12.20724,34.07647,-91.3878,USGS,Eastern Arkansas,93.29660238751147
2015,USGS.342649091251916,101.592,30.9652416,34.46473,-91.4209,USGS,Eastern Arkansas,77.04315886134067
2015,USGS.345519091505401,103.19,31.452312,34.92182,-91.8482,USGS,Eastern Arkansas,3.0303030303030303
2015,USGS.350029090265801,26.15,7.97052,35.0071,-90.4491,USGS,Eastern Arkansas,75.02295684113865
2015,USGS.373644113411501,246.9,75.25512,37.6122,-113.6883,USGS,Western Utah,17.63085399449036
2015,USGS.381901113014102,88.78,27.060144,38.31691,-113.0288,USGS,Western Utah,91.55188246097336
2015,USGS.383921112175901,84.05,25.61844,38.65806,-112.1672,USGS,Western Utah,44.16896235078053
2015,USGS.390819111530701,24.38,7.431024,39.13857,-111.886,USGS,Western Utah,98.89807162534436
2015,USGS.392601112412201,26.34,8.028432,39.43356,-112.6902,USGS,Western Utah,33.2415059687787
2015,USGS.400932101404101,99.915,30.454092,40.15888,-101.6785,USGS,Central Nebraska,59.13682277318642
2015,USGS.402103099402900,114.405,34.870644,40.35123,-99.674,USGS,Central Nebraska,84.20569329660239
2015,USGS.402408099584800,100.615,30.667452,40.402,-99.9818,USGS,Central Nebraska,84.20569329660239
2015,USGS.403235101395501,109.8076923,33.46938461,40.54472,-101.6668,USGS,Central Nebraska,70.98255280073462
2015,USGS.403949098182201,119.82,36.521136,40.66362,-98.3064,USGS,Central Nebraska,100.0
2015,USGS.412603099492001,207.025,63.10122,41.43417,-99.8226,USGS,Central Nebraska,54.45362718089991
2015,USGS.415754112551301,211.43,64.443864,41.96492,-112.9211,USGS,Southern Idaho,57.48393021120294
2015,USGS.433218112191601,593.775,180.98262,43.53824,-112.3219,USGS,Southern Idaho,50.229568411386595
2015,USGS.434102112180701,427.5183333,130.307588,43.68389,-112.3028,USGS,Southern Idaho,88.06244260789715
2015,USGS.434657112282201,276.7369231,84.34941416,43.78211,-112.4735,USGS,Southern Idaho,33.14967860422406
2015,USSCS.352158090232301,33.9,10.33272,35.36662,-90.3907,USGS,Eastern Arkansas,77.59412304866851
2015,USSCS.355018090512401,75.0,22.86,35.83535,-90.8582,USGS,Eastern Arkansas,95.13314967860423
2016,KSGS.371852100505801,272.95,83.19516,37.31502,-100.8505,USGS,Southern Kansas,87.05234159779614
2016,KSGS.372043101363101,240.05,73.16724,37.34495,-101.6104,USGS,Southern Kansas,28.833792470156105
2016,KSGS.372539100142504,122.55,37.35324,37.42949,-100.2434,USGS,Southern Kansas,71.80899908172636
2016,KSGS.373331098033301,23.14,7.053072,37.56096,-98.058,USGS,Southern Kansas,80.44077134986226
2016,KSGS.373607100565301,412.59,125.757432,37.59874,-100.9497,USGS,Southern Kansas,45.27089072543618
2016,KSGS.374111099070401,44.1,13.44168,37.68448,-99.1192,USGS,Southern Kansas,60.60606060606061
2016,KSGS.374125100344101,245.945,74.964036,37.69024,-100.5795,USGS,Southern Kansas,70.52341597796143
2016,KSGS.374747100552101,255.38,77.839824,37.79492,-100.9225,USGS,Southern Kansas,90.81726354453627
2016,KSGS.375145100485701,189.32,57.704736,37.86209,-100.8179,USGS,Southern Kansas,73.55371900826447
2016,KSGS.375454101075401,210.285,64.094868,37.91572,-101.1306,USGS,Southern Kansas,85.49127640036731
2016,TWDB.0753701,254.07,77.440536,35.16,-102.4886,USGS,Western Texas,91.27640036730946
2016,TWDB.1005225,293.97,89.602056,34.97,-102.4381,USGS,Western Texas,87.32782369146005
2016,TWDB.1038101,333.41,101.623368,34.46,-102.3522,USGS,Western Texas,95.31680440771349
2016,TWDB.1039702,315.09,96.039432,34.38,-102.2336,USGS,Western Texas,84.02203856749311
2016,TWDB.1157901,259.6,79.12608,34.03,-101.9056,USGS,Western Texas,88.24609733700642
2016,TWDB.2409103,166.02,50.602896,33.8575,-102.9786,USGS,Western Texas,5.234159779614325
2016,TWDB.2409801,128.15,39.06012,33.76,-102.9564,USGS,Western Texas,72.45179063360881
2016,TWDB.2423701,115.99,35.353752,33.65222,-102.2278,USGS,Western Texas,44.995408631772264
2016,TWDB.2453902,153.24,46.707552,33.13833,-102.3808,USGS,Western Texas,88.88888888888889
2016,UNLCSD.423037099353801,39.39,12.006072,42.51028,-99.5943,USGS,Central Nebraska,74.74747474747475
2016,USGS.335258091152301,35.552,10.8362496,33.88238,-91.2582,USGS,Eastern Arkansas,81.45087235996327
2016,USGS.340440091231201,42.43,12.932664,34.07647,-91.3878,USGS,Eastern Arkansas,92.74563820018365
2016,USGS.342649091251916,101.165,30.835092,34.46473,-91.4209,USGS,Eastern Arkansas,80.44077134986226
2016,USGS.345519091505401,103.63,31.586424,34.92182,-91.8482,USGS,Eastern Arkansas,2.479338842975207
2016,USGS.350029090265801,28.9,8.80872,35.0071,-90.4491,USGS,Eastern Arkansas,75.48209366391184
2016,USGS.373644113411501,251.1,76.53528,37.6122,-113.6883,USGS,Western Utah,21.30394857667585
2016,USGS.381901113014102,91.34,27.840432,38.31691,-113.0288,USGS,Western Utah,91.27640036730946
2016,USGS.383921112175901,85.22,25.975056,38.65806,-112.1672,USGS,Western Utah,44.352617079889804
2016,USGS.390819111530701,25.35,7.72668,39.13857,-111.886,USGS,Western Utah,98.71441689623508
2016,USGS.392601112412201,28.09,8.561832,39.43356,-112.6902,USGS,Western Utah,30.21120293847567
2016,USGS.400932101404101,101.565,30.957012,40.15888,-101.6785,USGS,Central Nebraska,58.67768595041323
2016,USGS.402103099402900,114.25,34.8234,40.35123,-99.674,USGS,Central Nebraska,49.862258953168045
2016,USGS.402408099584800,98.865,30.134052,40.402,-99.9818,USGS,Central Nebraska,83.37924701561064
2016,USGS.403235101395501,110.7441667,33.75482201,40.54472,-101.6668,USGS,Central Nebraska,68.41138659320477
2016,USGS.403949098182201,119.56,36.441888,40.66362,-98.3064,USGS,Central Nebraska,100.0
2016,USGS.412603099492001,208.45,63.53556,41.43417,-99.8226,USGS,Central Nebraska,54.729109274563825
2016,USGS.415754112551301,196.41,59.865768,41.96492,-112.9211,USGS,Southern Idaho,57.20844811753902
2016,USGS.433218112191601,594.805,181.296564,43.53824,-112.3219,USGS,Southern Idaho,49.127640036730945
2016,USGS.434102112180701,427.774,130.3855152,43.68389,-112.3028,USGS,Southern Idaho,86.77685950413223
2016,USGS.434657112282201,277.1083333,84.46261999,43.78211,-112.4735,USGS,Southern Idaho,33.42516069788797
2016,USSCS.352158090232301,33.89,10.329672,35.36662,-90.3907,USGS,Eastern Arkansas,75.20661157024794
2016,USSCS.355018090512401,81.0,24.6888,35.83535,-90.8582,USGS,Eastern Arkansas,96.05142332415059
2017,KSGS.371852100505801,273.12,83.246976,37.31502,-100.8505,USGS,Southern Kansas,91.91919191919192
2017,KSGS.372043101363101,241.06,73.475088,37.34495,-101.6104,USGS,Southern Kansas,78.0532598714417
2017,KSGS.372539100142504,122.4,37.30752,37.42949,-100.2434,USGS,Southern Kansas,87.69513314967861
2017,KSGS.373331098033301,22.4,6.82752,37.56096,-98.058,USGS,Southern Kansas,83.93021120293848
2017,KSGS.373607100565301,413.23,125.952504,37.59874,-100.9497,USGS,Southern Kansas,77.59412304866851
2017,KSGS.374111099070401,44.46,13.551408,37.68448,-99.1192,USGS,Southern Kansas,60.05509641873278
2017,KSGS.374125100344101,247.865,75.549252,37.69024,-100.5795,USGS,Southern Kansas,83.56290174471994
2017,KSGS.374747100552101,258.52,78.796896,37.79492,-100.9225,USGS,Southern Kansas,93.75573921028466
2017,KSGS.375145100485701,192.12,58.558176,37.86209,-100.8179,USGS,Southern Kansas,73.82920110192838
2017,KSGS.375454101075401,215.3366667,65.63461601,37.91572,-101.1306,USGS,Southern Kansas,85.49127640036731
2017,TWDB.0753701,255.24,77.797152,35.16,-102.4886,USGS,Western Texas,30.57851239669421
2017,TWDB.1005225,296.55,90.38844,34.97,-102.4381,USGS,Western Texas,90.81726354453627
2017,TWDB.1038101,337.47,102.860856,34.46,-102.3522,USGS,Western Texas,95.13314967860423
2017,TWDB.1039702,321.05,97.85604,34.38,-102.2336,USGS,Western Texas,84.02203856749311
2017,TWDB.1157901,260.33,79.348584,34.03,-101.9056,USGS,Western Texas,94.3067033976125
2017,TWDB.2409103,166.12,50.633376,33.8575,-102.9786,USGS,Western Texas,44.26078971533517
2017,TWDB.2409801,127.92,38.990016,33.76,-102.9564,USGS,Western Texas,74.74747474747475
2017,TWDB.2423701,116.3,35.44824,33.65222,-102.2278,USGS,Western Texas,52.892561983471076
2017,TWDB.2453902,152.89,46.600872,33.13833,-102.3808,USGS,Western Texas,89.62350780532599
2017,UNLCSD.423037099353801,38.93,11.865864,42.51028,-99.5943,USGS,Central Nebraska,75.8494031221304
2017,USGS.335258091152301,34.025,10.37082,33.88238,-91.2582,USGS,Eastern Arkansas,88.98071625344353
2017,USGS.340440091231201,40.68,12.399264,34.07647,-91.3878,USGS,Eastern Arkansas,92.01101928374655
2017,USGS.342649091251916,101.335,30.886908,34.46473,-91.4209,USGS,Eastern Arkansas,75.66574839302112
2017,USGS.345519091505401,104.92,31.979616,34.92182,-91.8482,USGS,Eastern Arkansas,4.040404040404041
2017,USGS.350029090265801,26.63,8.116824,35.0071,-90.4491,USGS,Eastern Arkansas,74.56382001836546
2017,USGS.373644113411501,273.94,83.496912,37.6122,-113.6883,USGS,Western Utah,30.670339761248854
2017,USGS.381901113014102,93.3,28.43784,38.31691,-113.0288,USGS,Western Utah,91.46005509641874
2017,USGS.383921112175901,85.31,26.002488,38.65806,-112.1672,USGS,Western Utah,39.02662993572085
2017,USGS.390819111530701,25.5,7.7724,39.13857,-111.886,USGS,Western Utah,99.17355371900827
2017,USGS.392601112412201,30.14,9.186672,39.43356,-112.6902,USGS,Western Utah,36.54729109274564
2017,USGS.400932101404101,101.33,30.885384,40.15888,-101.6785,USGS,Central Nebraska,59.68778696051423
2017,USGS.402103099402900,114.91,35.024568,40.35123,-99.674,USGS,Central Nebraska,87.23599632690542
2017,USGS.402408099584800,99.1,30.20568,40.402,-99.9818,USGS,Central Nebraska,82.92011019283747
2017,USGS.403235101395501,111.148,33.8779104,40.54472,-101.6668,USGS,Central Nebraska,71.80899908172636
2017,USGS.403949098182201,120.01,36.579048,40.66362,-98.3064,USGS,Central Nebraska,100.0
2017,USGS.412603099492001,208.25,63.4746,41.43417,-99.8226,USGS,Central Nebraska,54.9127640036731
2017,USGS.415754112551301,190.12,57.948576,41.96492,-112.9211,USGS,Southern Idaho,59.77961432506888
2017,USGS.433218112191601,594.905,181.327044,43.53824,-112.3219,USGS,Southern Idaho,53.994490358126725
2017,USGS.434102112180701,427.2,130.21056,43.68389,-112.3028,USGS,Southern Idaho,89.1643709825528
2017,USGS.434657112282201,277.7875,84.66963,43.78211,-112.4735,USGS,Southern Idaho,34.9862258953168
2017,USSCS.352158090232301,33.73,10.280904,35.36662,-90.3907,USGS,Eastern Arkansas,79.15518824609734
2017,USSCS.355018090512401,82.125,25.0317,35.83535,-90.8582,USGS,Eastern Arkansas,81.72635445362718
2018,KSGS.371852100505801,274.94,83.801712,37.31502,-100.8505,USGS,Southern Kansas,71.16620752984389
2018,KSGS.372043101363101,239.585,73.025508,37.34495,-101.6104,USGS,Southern Kansas,50.505050505050505
2018,KSGS.372539100142504,123.6,37.67328,37.42949,-100.2434,USGS,Southern Kansas,93.1129476584022
2018,KSGS.373331098033301,22.82,6.955536,37.56096,-98.058,USGS,Southern Kansas,83.19559228650138
2018,KSGS.373607100565301,415.94,126.778512,37.59874,-100.9497,USGS,Southern Kansas,46.005509641873275
2018,KSGS.374111099070401,45.0,13.716,37.68448,-99.1192,USGS,Southern Kansas,61.24885215794307
2018,KSGS.374125100344101,248.83,75.843384,37.69024,-100.5795,USGS,Southern Kansas,76.95133149678604
2018,KSGS.374747100552101,260.31,79.342488,37.79492,-100.9225,USGS,Southern Kansas,75.8494031221304
2018,KSGS.375145100485701,195.0,59.436,37.86209,-100.8179,USGS,Southern Kansas,74.10468319559229
2018,KSGS.375454101075401,216.5025,65.989962,37.91572,-101.1306,USGS,Southern Kansas,85.85858585858585
2018,TWDB.0753701,256.76,78.260448,35.16,-102.4886,USGS,Western Texas,93.20477502295684
2018,TWDB.1005225,295.88,90.184224,34.97,-102.4381,USGS,Western Texas,81.08356290174473
2018,TWDB.1038101,341.71,104.153208,34.46,-102.3522,USGS,Western Texas,94.94949494949495
2018,TWDB.1039702,323.12,98.486976,34.38,-102.2336,USGS,Western Texas,84.94031221303948
2018,TWDB.1157901,259.84,79.199232,34.03,-101.9056,USGS,Western Texas,91.82736455463728
2018,TWDB.2409103,165.63,50.484024,33.8575,-102.9786,USGS,Western Texas,42.69972451790633
2018,TWDB.2409801,126.23,38.474904,33.76,-102.9564,USGS,Western Texas,77.77777777777779
2018,TWDB.2423701,116.1,35.38728,33.65222,-102.2278,USGS,Western Texas,53.535353535353536
2018,TWDB.2453902,153.45,46.77156,33.13833,-102.3808,USGS,Western Texas,89.71533516988063
2018,UNLCSD.423037099353801,37.42,11.405616,42.51028,-99.5943,USGS,Central Nebraska,75.75757575757575
2018,USGS.335258091152301,34.00333333,10.364216,33.88238,-91.2582,USGS,Eastern Arkansas,89.34802571166207
2018,USGS.340440091231201,40.08,12.216384,34.07647,-91.3878,USGS,Eastern Arkansas,92.56198347107438
2018,USGS.342649091251916,101.36,30.894528,34.46473,-91.4209,USGS,Eastern Arkansas,81.91000918273646
2018,USGS.345519091505401,104.53,31.860744,34.92182,-91.8482,USGS,Eastern Arkansas,4.315886134067952
2018,USGS.350029090265801,23.75,7.239,35.0071,-90.4491,USGS,Eastern Arkansas,74.74747474747475
2018,USGS.373644113411501,284.41,86.688168,37.6122,-113.6883,USGS,Western Utah,20.56932966023875
2018,USGS.381901113014102,95.23,29.026104,38.31691,-113.0288,USGS,Western Utah,89.53168044077135
2018,USGS.383921112175901,84.85,25.86228,38.65806,-112.1672,USGS,Western Utah,40.31221303948577
2018,USGS.390819111530701,25.69,7.830312,39.13857,-111.886,USGS,Western Utah,99.2653810835629
2018,USGS.392601112412201,30.17,9.195816,39.43356,-112.6902,USGS,Western Utah,25.6198347107438
2018,USGS.400932101404101,101.38,30.900624,40.15888,-101.6785,USGS,Central Nebraska,59.50413223140496
2018,USGS.402103099402900,114.625,34.9377,40.35123,-99.674,USGS,Central Nebraska,87.78696051423324
2018,USGS.402408099584800,97.615,29.753052,40.402,-99.9818,USGS,Central Nebraska,84.11386593204774
2018,USGS.403235101395501,112.28,34.222944,40.54472,-101.6668,USGS,Central Nebraska,72.1763085399449
2018,USGS.403949098182201,119.76,36.502848,40.66362,-98.3064,USGS,Central Nebraska,100.0
2018,USGS.412603099492001,206.675,62.99454,41.43417,-99.8226,USGS,Central Nebraska,55.28007346189165
2018,USGS.415754112551301,187.61,57.183528,41.96492,-112.9211,USGS,Southern Idaho,55.46372819100092
2018,USGS.433218112191601,593.96,181.039008,43.53824,-112.3219,USGS,Southern Idaho,51.42332415059688
2018,USGS.434102112180701,425.18,129.594864,43.68389,-112.3028,USGS,Southern Idaho,88.70523415977961
2018,USGS.434657112282201,276.1875,84.18195,43.78211,-112.4735,USGS,Southern Idaho,33.79247015610652
2018,USSCS.352158090232301,33.3,10.14984,35.36662,-90.3907,USGS,Eastern Arkansas,79.33884297520662
2018,USSCS.355018090512401,81.66,24.889968,35.83535,-90.8582,USGS,Eastern Arkansas,96.87786960514234
2019,KSGS.371852100505801,276.45,84.26196,37.31502,-100.8505,USGS,Southern Kansas,93.66391184573003
2019,KSGS.372043101363101,240.12,73.188576,37.34495,-101.6104,USGS,Southern Kansas,51.515151515151516
2019,KSGS.372539100142504,124.62,37.984176,37.42949,-100.2434,USGS,Southern Kansas,89.1643709825528
2019,KSGS.373331098033301,21.65,6.59892,37.56096,-98.058,USGS,Southern Kansas,83.93021120293848
2019,KSGS.373607100565301,417.43,127.232664,37.59874,-100.9497,USGS,Southern Kansas,45.362718089990814
2019,KSGS.374111099070401,43.57,13.280136,37.68448,-99.1192,USGS,Southern Kansas,60.69788797061524
2019,KSGS.374125100344101,251.02,76.510896,37.69024,-100.5795,USGS,Southern Kansas,71.900826446281
2019,KSGS.374747100552101,264.1,80.49768,37.79492,-100.9225,USGS,Southern Kansas,91.55188246097336
2019,KSGS.375145100485701,197.63,60.237624,37.86209,-100.8179,USGS,Southern Kansas,73.09458218549128
2019,KSGS.375454101075401,216.6733333,66.04203199,37.91572,-101.1306,USGS,Southern Kansas,84.84848484848484
2019,TWDB.0753701,257.66,78.534768,35.16,-102.4886,USGS,Western Texas,95.95959595959596
2019,TWDB.1005225,298.49,90.979752,34.97,-102.4381,USGS,Western Texas,92.8374655647383
2019,TWDB.1038101,344.42,104.979216,34.46,-102.3522,USGS,Western Texas,94.21487603305785
2019,TWDB.1039702,328.78,100.212144,34.38,-102.2336,USGS,Western Texas,85.39944903581267
2019,TWDB.1157901,261.16,79.601568,34.03,-101.9056,USGS,Western Texas,94.39853076216713
2019,TWDB.2409103,165.11,50.325528,33.8575,-102.9786,USGS,Western Texas,40.67952249770432
2019,TWDB.2409801,127.05,38.72484,33.76,-102.9564,USGS,Western Texas,76.49219467401286
2019,TWDB.2423701,116.46,35.497008,33.65222,-102.2278,USGS,Western Texas,48.301193755739206
2019,TWDB.2453902,153.92,46.914816,33.13833,-102.3808,USGS,Western Texas,90.35812672176309
2019,UNLCSD.423037099353801,33.38,10.174224,42.51028,-99.5943,USGS,Central Nebraska,75.94123048668503
2019,USGS.335258091152301,31.54,9.613392,33.88238,-91.2582,USGS,Eastern Arkansas,83.93021120293848
2019,USGS.340440091231201,41.47333333,12.641072,34.07647,-91.3878,USGS,Eastern Arkansas,93.1129476584022
2019,USGS.342649091251916,101.2666667,30.86608001,34.46473,-91.4209,USGS,Eastern Arkansas,86.9605142332415
2019,USGS.345519091505401,105.7333333,32.22751999,34.92182,-91.8482,USGS,Eastern Arkansas,4.040404040404041
2019,USGS.350029090265801,22.14,6.748272,35.0071,-90.4491,USGS,Eastern Arkansas,75.75757575757575
2019,USGS.373644113411501,264.29,80.555592,37.6122,-113.6883,USGS,Western Utah,88.1542699724518
2019,USGS.381901113014102,98.09,29.897832,38.31691,-113.0288,USGS,Western Utah,90.44995408631772
2019,USGS.383921112175901,86.37,26.325576,38.65806,-112.1672,USGS,Western Utah,43.34251606978879
2019,USGS.390819111530701,26.34,8.028432,39.13857,-111.886,USGS,Western Utah,97.52066115702479
2019,USGS.392601112412201,31.8,9.69264,39.43356,-112.6902,USGS,Western Utah,36.27180899908173
2019,USGS.400932101404101,104.02,31.705296,40.15888,-101.6785,USGS,Central Nebraska,59.59595959595959
2019,USGS.402103099402900,114.99,35.048952,40.35123,-99.674,USGS,Central Nebraska,89.62350780532599
2019,USGS.402408099584800,96.26,29.340048,40.402,-99.9818,USGS,Central Nebraska,84.94031221303948
2019,USGS.403235101395501,112.16,34.186368,40.54472,-101.6668,USGS,Central Nebraska,66.66666666666666
2019,USGS.403949098182201,119.57,36.444936,40.66362,-98.3064,USGS,Central Nebraska,100.0
2019,USGS.412603099492001,204.9,62.45352,41.43417,-99.8226,USGS,Central Nebraska,56.84113865932048
2019,USGS.415754112551301,191.09,58.244232,41.96492,-112.9211,USGS,Southern Idaho,68.9623507805326
2019,USGS.433218112191601,593.7625,180.97881,43.53824,-112.3219,USGS,Southern Idaho,51.69880624426079
2019,USGS.434102112180701,425.36,129.649728,43.68389,-112.3028,USGS,Southern Idaho,86.31772268135904
2019,USGS.434657112282201,275.81,84.066888,43.78211,-112.4735,USGS,Southern Idaho,33.88429752066116
2019,USSCS.352158090232301,32.96,10.046208,35.36662,-90.3907,USGS,Eastern Arkansas,75.8494031221304
2019,USSCS.355018090512401,84.0,25.6032,35.83535,-90.8582,USGS,Eastern Arkansas,87.51147842056933
2020,KSGS.371852100505801,276.24,84.197952,37.31502,-100.8505,USGS,Southern Kansas,88.88888888888889
2020,KSGS.372043101363101,237.78,72.475344,37.34495,-101.6104,USGS,Southern Kansas,50.321395775941234
2020,KSGS.372539100142504,126.95,38.69436,37.42949,-100.2434,USGS,Southern Kansas,69.14600550964187
2020,KSGS.373331098033301,21.44,6.534912,37.56096,-98.058,USGS,Southern Kansas,84.94031221303948
2020,KSGS.373607100565301,418.91,127.683768,37.59874,-100.9497,USGS,Southern Kansas,78.97153351698806
2020,KSGS.374111099070401,42.68,13.008864,37.68448,-99.1192,USGS,Southern Kansas,61.34067952249771
2020,KSGS.374125100344101,251.09,76.532232,37.69024,-100.5795,USGS,Southern Kansas,82.55280073461891
2020,KSGS.374747100552101,304.51,92.814648,37.79492,-100.9225,USGS,Southern Kansas,94.3067033976125
2020,KSGS.375145100485701,200.62,61.148976,37.86209,-100.8179,USGS,Southern Kansas,73.09458218549128
2020,KSGS.375454101075401,218.645,66.642996,37.91572,-101.1306,USGS,Southern Kansas,85.39944903581267
2020,TWDB.0753701,258.67,78.842616,35.16,-102.4886,USGS,Western Texas,76.85950413223141
2020,TWDB.1005225,298.78,91.068144,34.97,-102.4381,USGS,Western Texas,82.09366391184572
2020,TWDB.1038101,345.12,105.192576,34.46,-102.3522,USGS,Western Texas,94.76584022038568
2020,TWDB.1039702,337.1,102.74808,34.38,-102.2336,USGS,Western Texas,83.65472910927456
2020,TWDB.1157901,261.79,79.793592,34.03,-101.9056,USGS,Western Texas,93.29660238751147
2020,TWDB.2409103,166.0,50.5968,33.8575,-102.9786,USGS,Western Texas,4.866850321395775
2020,TWDB.2409801,128.99,39.316152,33.76,-102.9564,USGS,Western Texas,73.6455463728191
2020,TWDB.2423701,116.65,35.55492,33.65222,-102.2278,USGS,Western Texas,46.83195592286501
2020,TWDB.2453902,153.82,46.884336,33.13833,-102.3808,USGS,Western Texas,90.44995408631772
2020,UNLCSD.423037099353801,25.33,7.720584,42.51028,-99.5943,USGS,Central Nebraska,76.49219467401286
2020,USGS.335258091152301,26.96,8.217408,33.88238,-91.2582,USGS,Eastern Arkansas,84.75665748393021
2020,USGS.340440091231201,40.3,12.28344,34.07647,-91.3878,USGS,Eastern Arkansas,92.92929292929293
2020,USGS.342649091251916,100.8833333,30.74923999,34.46473,-91.4209,USGS,Eastern Arkansas,81.35904499540864
2020,USGS.345519091505401,105.9766667,32.30168801,34.92182,-91.8482,USGS,Eastern Arkansas,3.948576675849403
2020,USGS.350029090265801,20.58,6.272784,35.0071,-90.4491,USGS,Eastern Arkansas,54.178145087236
2020,USGS.373644113411501,265.69,80.982312,37.6122,-113.6883,USGS,Western Utah,86.13406795224977
2020,USGS.381901113014102,95.52,29.114496,38.31691,-113.0288,USGS,Western Utah,90.9090909090909
2020,USGS.383921112175901,82.94,25.280112,38.65806,-112.1672,USGS,Western Utah,44.26078971533517
2020,USGS.390819111530701,25.09,7.647432,39.13857,-111.886,USGS,Western Utah,98.16345270890724
2020,USGS.392601112412201,31.53,9.610344,39.43356,-112.6902,USGS,Western Utah,42.42424242424242
2020,USGS.400932101404101,103.755,31.624524,40.15888,-101.6785,USGS,Central Nebraska,59.50413223140496
2020,USGS.402103099402900,113.265,34.523172,40.35123,-99.674,USGS,Central Nebraska,89.80716253443526
2020,USGS.402408099584800,94.49,28.800552,40.402,-99.9818,USGS,Central Nebraska,84.94031221303948
2020,USGS.403235101395501,113.3425,34.546794,40.54472,-101.6668,USGS,Central Nebraska,72.1763085399449
2020,USGS.403949098182201,117.87,35.926776,40.66362,-98.3064,USGS,Central Nebraska,100.0
2020,USGS.412603099492001,199.18,60.710064,41.43417,-99.8226,USGS,Central Nebraska,56.65748393021121
2020,USGS.415754112551301,202.34,61.673232,41.96492,-112.9211,USGS,Southern Idaho,76.5840220385675
2020,USGS.433218112191601,594.045,181.064916,43.53824,-112.3219,USGS,Southern Idaho,52.157943067033976
2020,USGS.434102112180701,425.61,129.725928,43.68389,-112.3028,USGS,Southern Idaho,88.1542699724518
2020,USGS.434657112282201,276.1,84.15528,43.78211,-112.4735,USGS,Southern Idaho,34.067952249770435
2020,USSCS.352158090232301,32.19,9.811512,35.36662,-90.3907,USGS,Eastern Arkansas,78.51239669421489
2020,USSCS.355018090512401,79.715,24.297132,35.83535,-90.8582,USGS,Eastern Arkansas,73.92102846648301
2000,willcox,253.7000081,77.32776,32.03619,-109.754,Jasechko,Southwest US,
2003,willcox,272.5000087,83.058,32.03619,-109.754,Jasechko,Southwest US,
2004,willcox,277.7000089,84.64296,32.03619,-109.754,Jasechko,Southwest US,
2005,willcox,289.4000093,88.20912,32.03619,-109.754,Jasechko,Southwest US,
2007,willcox,303.9000097,92.62872,32.03619,-109.754,Jasechko,Southwest US,
2011,willcox,325.5000104,99.2124,32.03619,-109.754,Jasechko,Southwest US,59.04499540863177
2013,willcox,346.2998798,105.5522,32.03619,-109.754,Jasechko,Southwest US,54.45362718089991
2014,willcox,346.8999455,105.7351,32.03619,-109.754,Jasechko,Southwest US,63.63636363636363
2015,willcox,352.0000113,107.2896,32.03619,-109.754,Jasechko,Southwest US,16.804407713498623
2017,willcox,372.7500119,113.6142,32.03619,-109.754,Jasechko,Southwest US,22.497704315886132
2019,willcox,392.1000782,119.5121,32.03619,-109.754,Jasechko,Southwest US,19.55922865013774
2020,willcox,402.8999473,122.8039,32.03619,-109.754,Jasechko,Southwest US,20.293847566574836
2000,cuyama,307.2500098,93.6498,34.89026,-119.6165,Jasechko,Southwest US,
2001,cuyama,307.4000098,93.69552,34.89026,-119.6165,Jasechko,Southwest US,
2002,cuyama,308.1800099,93.933264,34.89026,-119.6165,Jasechko,Southwest US,
2003,cuyama,308.6500099,94.07652,34.89026,-119.6165,Jasechko,Southwest US,
2004,cuyama,309.8000099,94.42704,34.89026,-119.6165,Jasechko,Southwest US,
2005,cuyama,311.24001,94.865952,34.89026,-119.6165,Jasechko,Southwest US,
2006,cuyama,311.99001,95.094552,34.89026,-119.6165,Jasechko,Southwest US,
2007,cuyama,314.5600101,95.877888,34.89026,-119.6165,Jasechko,Southwest US,
2008,cuyama,316.9500101,96.60636,34.89026,-119.6165,Jasechko,Southwest US,0.8264462809917356
2009,cuyama,318.7550102,97.156524,34.89026,-119.6165,Jasechko,Southwest US,4.040404040404041
2010,cuyama,319.2450102,97.305876,34.89026,-119.6165,Jasechko,Southwest US,0.0
2011,cuyama,321.1850103,97.897188,34.89026,-119.6165,Jasechko,Southwest US,0.0
2012,cuyama,322.4500103,98.28276,34.89026,-119.6165,Jasechko,Southwest US,0.0
2013,cuyama,324.3400104,98.858832,34.89026,-119.6165,Jasechko,Southwest US,0.3673094582185491
2014,cuyama,324.8000104,98.99904,34.89026,-119.6165,Jasechko,Southwest US,0.0
2015,cuyama,326.5400104,99.529392,34.89026,-119.6165,Jasechko,Southwest US,0.0
2016,cuyama,327.6100105,99.855528,34.89026,-119.6165,Jasechko,Southwest US,0.0
2017,cuyama,329.4000105,100.40112,34.89026,-119.6165,Jasechko,Southwest US,0.0
2018,cuyama,330.1100106,100.617528,34.89026,-119.6165,Jasechko,Southwest US,0.0
2000,amargosa,128.5000041,39.1668,36.55634,-116.496,Jasechko,Southwest US,
2001,amargosa,128.4700041,39.157656,36.55634,-116.496,Jasechko,Southwest US,
2002,amargosa,129.7400042,39.544752,36.55634,-116.496,Jasechko,Southwest US,
2003,amargosa,132.7600042,40.465248,36.55634,-116.496,Jasechko,Southwest US,
2004,amargosa,134.8450043,41.100756,36.55634,-116.496,Jasechko,Southwest US,
2005,amargosa,136.5200044,41.611296,36.55634,-116.496,Jasechko,Southwest US,
2006,amargosa,138.2900044,42.150792,36.55634,-116.496,Jasechko,Southwest US,
2007,amargosa,140.9850045,42.972228,36.55634,-116.496,Jasechko,Southwest US,
2008,amargosa,143.0000046,43.5864,36.55634,-116.496,Jasechko,Southwest US,0.0
2009,amargosa,143.6400046,43.781472,36.55634,-116.496,Jasechko,Southwest US,0.0
2010,amargosa,144.4100046,44.016168,36.55634,-116.496,Jasechko,Southwest US,0.0
2011,amargosa,144.0200046,43.897296,36.55634,-116.496,Jasechko,Southwest US,0.0
2012,amargosa,144.9400046,44.177712,36.55634,-116.496,Jasechko,Southwest US,0.0
2013,amargosa,146.1300047,44.540424,36.55634,-116.496,Jasechko,Southwest US,0.0
2014,amargosa,146.5900047,44.680632,36.55634,-116.496,Jasechko,Southwest US,0.0
2015,amargosa,147.1900047,44.863512,36.55634,-116.496,Jasechko,Southwest US,0.0
2016,amargosa,147.3650047,44.916852,36.55634,-116.496,Jasechko,Southwest US,0.0
2017,amargosa,148.2150047,45.175932,36.55634,-116.496,Jasechko,Southwest US,0.0
2018,amargosa,147.3300047,44.906184,36.55634,-116.496,Jasechko,Southwest US,0.0
2019,amargosa,147.0400047,44.817792,36.55634,-116.496,Jasechko,Southwest US,0.0
2020,amargosa,147.8100047,45.052488,36.55634,-116.496,Jasechko,Southwest US,0.0
2003,san_simon_valley,221.8000071,67.60464,32.17119,-109.158,Jasechko,Southwest US,
2004,san_simon_valley,218.900007,66.72072,32.17119,-109.158,Jasechko,Southwest US,
2005,san_simon_valley,234.8000075,71.56704,32.17119,-109.158,Jasechko,Southwest US,
2007,san_simon_valley,221.3000071,67.45224,32.17119,-109.158,Jasechko,Southwest US,
2008,san_simon_valley,269.1000086,82.02168,32.17119,-109.158,Jasechko,Southwest US,61.0651974288338
2009,san_simon_valley,278.5000089,84.8868,32.17119,-109.158,Jasechko,Southwest US,61.15702479338842
2010,san_simon_valley,246.6000079,75.16368,32.17119,-109.158,Jasechko,Southwest US,18.640955004591365
2011,san_simon_valley,244.9000078,74.64552,32.17119,-109.158,Jasechko,Southwest US,60.60606060606061
2013,san_simon_valley,274.6000088,83.69808,32.17119,-109.158,Jasechko,Southwest US,47.107438016528924
2015,san_simon_valley,273.4500088,83.34756,32.17119,-109.158,Jasechko,Southwest US,3.948576675849403
2020,san_simon_valley,374.7998808,114.239,32.17119,-109.158,Jasechko,Southwest US,34.067952249770435
2002,butler_valley,199.8000064,60.89904,33.95808,-113.784,Jasechko,Southwest US,
2003,butler_valley,206.0000066,62.7888,33.95808,-113.784,Jasechko,Southwest US,
2004,butler_valley,198.2000063,60.41136,33.95808,-113.784,Jasechko,Southwest US,
2005,butler_valley,209.4000067,63.82512,33.95808,-113.784,Jasechko,Southwest US,
2007,butler_valley,214.4000069,65.34912,33.95808,-113.784,Jasechko,Southwest US,
2008,butler_valley,212.2000068,64.67856,33.95808,-113.784,Jasechko,Southwest US,83.10376492194675
2009,butler_valley,211.1000068,64.34328,33.95808,-113.784,Jasechko,Southwest US,81.81818181818183
2010,butler_valley,207.6000066,63.27648,33.95808,-113.784,Jasechko,Southwest US,44.71992653810835
2013,butler_valley,219.750007,66.9798,33.95808,-113.784,Jasechko,Southwest US,59.04499540863177
2014,butler_valley,228.9000073,69.76872,33.95808,-113.784,Jasechko,Southwest US,83.37924701561064
2016,butler_valley,250.700008,76.41336,33.95808,-113.784,Jasechko,Southwest US,97.61248852157944
2020,butler_valley,306.3000098,93.36024,33.95808,-113.784,Jasechko,Southwest US,29.476584022038566
2000,mcmullen_valley,615.0000197,187.452,33.95725,-113.08,Jasechko,Southwest US,
2001,mcmullen_valley,615.1000853,187.4825,33.95725,-113.08,Jasechko,Southwest US,
2003,mcmullen_valley,617.2598623,188.1408,33.95725,-113.08,Jasechko,Southwest US,
2004,mcmullen_valley,618.6000854,188.5493,33.95725,-113.08,Jasechko,Southwest US,
2005,mcmullen_valley,620.2998886,189.0674,33.95725,-113.08,Jasechko,Southwest US,
2006,mcmullen_valley,623.0000199,189.8904,33.95725,-113.08,Jasechko,Southwest US,
2007,mcmullen_valley,624.7001512,190.4086,33.95725,-113.08,Jasechko,Southwest US,
2008,mcmullen_valley,626.00002,190.8048,33.95725,-113.08,Jasechko,Southwest US,20.2020202020202
2009,mcmullen_valley,627.6000857,191.2925,33.95725,-113.08,Jasechko,Southwest US,17.17171717171717
2010,mcmullen_valley,628.7001514,191.6278,33.95725,-113.08,Jasechko,Southwest US,0.0
2011,mcmullen_valley,629.6000858,191.9021,33.95725,-113.08,Jasechko,Southwest US,0.0
2012,mcmullen_valley,630.7001514,192.2374,33.95725,-113.08,Jasechko,Southwest US,19.19191919191919
2013,mcmullen_valley,631.5000202,192.4812,33.95725,-113.08,Jasechko,Southwest US,15.702479338842975
2014,mcmullen_valley,632.8999546,192.9079,33.95725,-113.08,Jasechko,Southwest US,10.560146923783286
2015,mcmullen_valley,634.2001515,193.3042,33.95725,-113.08,Jasechko,Southwest US,8.356290174471992
2016,mcmullen_valley,635.1000859,193.5785,33.95725,-113.08,Jasechko,Southwest US,0.5509641873278237
2017,mcmullen_valley,636.8999548,194.1271,33.95725,-113.08,Jasechko,Southwest US,15.335169880624427
2018,mcmullen_valley,637.600086,194.3405,33.95725,-113.08,Jasechko,Southwest US,15.61065197428834
2019,mcmullen_valley,639.6000861,194.9501,33.95725,-113.08,Jasechko,Southwest US,14.692378328741965
2020,mcmullen_valley,641.1000861,195.4073,33.95725,-113.08,Jasechko,Southwest US,9.641873278236915
2007,hualapai_valley,360.0000115,109.728,35.47122,-113.976,Jasechko,Southwest US,
2014,hualapai_valley,440.0000141,134.112,35.47122,-113.976,Jasechko,Southwest US,0.0
2018,hualapai_valley,456.2798702,139.0741,35.47122,-113.976,Jasechko,Southwest US,0.0
2019,hualapai_valley,454.740172,138.6048,35.47122,-113.976,Jasechko,Southwest US,0.0
2020,hualapai_valley,454.0498833,138.3944,35.47122,-113.976,Jasechko,Southwest US,0.0
2006,southern_willcox,140.7000045,42.88536,31.36597,-109.663,Jasechko,Southwest US,
2011,southern_willcox,132.7000042,40.44696,31.36597,-109.663,Jasechko,Southwest US,0.0
2012,southern_willcox,132.0000042,40.2336,31.36597,-109.663,Jasechko,Southwest US,0.0
2013,southern_willcox,131.5000042,40.0812,31.36597,-109.663,Jasechko,Southwest US,0.0
2015,southern_willcox,132.5000042,40.386,31.36597,-109.663,Jasechko,Southwest US,0.0
2016,southern_willcox,134.7000043,41.05656,31.36597,-109.663,Jasechko,Southwest US,0.0
2018,southern_willcox,147.0000047,44.8056,31.36597,-109.663,Jasechko,Southwest US,14.325068870523417
2019,southern_willcox,153.0000049,46.6344,31.36597,-109.663,Jasechko,Southwest US,3.8567493112947657
2020,southern_willcox,154.700005,47.15256,31.36597,-109.663,Jasechko,Southwest US,3.3057851239669422
